scan,score,pair_lines,glosses,forms
NL-HaNA_1.04.02_3640_0135,12,17,drie een els negen peper ses thien tien tuuaals tuuee uier uiis,albie aristolochia arnin aronis benedicte calabrina campana cardi chammereering chamomilla coutharides hellebora imperatoria komon longia lourine nigrie papauerieuat semnen serpentarise zuitkokers
NL-HaNA_1.04.02_3615_0083,11,38,agt drie een ses seuen thien tien tuuaals tuuee tuuintig uier,agrimonia alcalie artinissia assouoetida auler baadanie brandiizer brionia calamita campana cantarides caskarilla chammomilla cicuta cullabaina espon extractum granci hiidopie iacos minoa mirobolani nigelle octaass pinpenelle
NL-HaNA_1.04.02_3181_0111,11,11,agt drie een hond hondert ses thien tuuaals tuuee tuuintig uier,aamsschoouen iosseinse koestepannen limmermans oogeiisers sloepsiompen tarua traauu uischakers uriissteen uuuegaars
NL-HaNA_1.04.02_3642_0134,10,27,agt drie een seuen thien tien tuuaals tuuee uier uiis,ampletties angelicum baccan candamonie cantharedes cetie chamomilla culanita galoniu incen knoesen lauendulla maionana minoballan nibisiarm nouismarinie peruuianumi pliisten retonten salepson schammonie scheenmes schordie serpentiine speruua
NL-HaNA_1.04.02_3642_0133,10,23,agt drie een ses seuen tien tuuee tuuintig uier uiis,agrimonie apegaans aristologia artamisia auegaans campana chicca dommeknagten haaluues handbiitel helebone hiscopie houkeukens imperatoria kliispaade kloosmes knaanzagen notunda polipodie sedrarii soupertaria specacuana ueldstoelen ueldtent
NL-HaNA_1.04.02_3692_0234,10,21,drie een hand negen ses seuen tien tuuee uier uuater,andels attoens blaasualgen duelbooren duurslag ichtbalies kliispade kloppens knoes lettergieters liniaals romiinse sauiuuis schaanen siitels smeltknoesen sonneus suerdoek tanmen teegendrukkers tegendrukkers uanglaasde zanthokens
NL-HaNA_1.04.02_10008_0129,10,20,agt drie een hondert ses thien tien tuuee tuuintig uiis,alhandal argest auuui caoll centaua chamoinill distellat errat lithargia mintha panchim papau popielium rectisicat sacast saluice santoirici sinnaria spermacoeti spiait sulmondr sunct zedraria
NL-HaNA_1.04.02_2194_0089,10,14,agt drie een negen ses thien tuuaals tuuintig uier uiis,boortiissers bruksschroeuen carasiins hollandstaal iserehamers kouteras kouuut krommehouuuers ongelaseerd oormen particaus pistoelen seepmessen uring
NL-HaNA_1.04.02_3324_0290,10,9,agt een hondert negen tien tuuaals tuuee tuuintig uier uiis,draaguaten kardoeken kroonrasse kruitstellings liamse onuerglaasde sinderhulsen suuengels ueltkisten uiisensestig uuurpiil
NL-HaNA_1.04.02_3848_0596,9,31,agt drie een ses thien tuuaals tuuee uier uiis,alcalie alume aperat baccan braua centaur chamm chimical commin consere copaiiua dragmans gentiaria herpentar hiblimat hiisopie humm iunieprie laurinum liimolie mellitot mieneral opodeldoek papauen periera
NL-HaNA_1.04.02_3649_0167,9,22,agt een ses tien tuuaals tuuee tuuintig uier uiis,berliinsblauuu ciisserleiier handroepers iiger kersbeiilen keuerdoek lerdin liniaelen marrelliin oogiiser oudtouuu roodemenii roodzeegellak saaiiuellen schaasbeiitels schropzaegen ueldeties uelleti uermildoen uerquasten uuerpriiger uuitquaster zoodleiinen
NL-HaNA_1.04.02_3649_0166,9,21,agt een ses tien tuuaals tuuee tuuintig uier uiis,baaiiuellen bandroepers berliinsblauuu cheerquasten hersbeiilen keuerdoek lerdin liniaelen marrelliin oogiiser oudtouuu roodemenii roodzeegellak schaasbeiitels schropzaegen ueldeties uelleti uenquasten uermildoen uuerpriiger uuitquaster zoodleiinen
NL-HaNA_1.04.02_3403_0031,9,19,agt drie een negen seuen tien tuuee tuuintig uier,ammunitiehuis grondstampers kapborden kliispaeden kliispoeder koiitens koornmaten kraenen piekans prezemings rondeuiilen snoeiiuuagen tauels theerquast toortzen tromstoel uuurhoek zagezetten
NL-HaNA_1.04.02_3011_0268,9,17,agt een hondert ses thien tuuee tuuintig uier uiis,albim angelia carteri centaur cherebinthin cheriac helebor iuniperis minaha nigai peruuianum sassasaas simaruba soamentil specacuanaa spermaceti uuinterani zedrari
NL-HaNA_1.04.02_3848_0654,9,16,agt drie een ses tien tuuaals tuuee tuuintig uier,calab copaiue laurinum liqueritie peruuiaan pulmonar sactis scordi spanika specacuan spermasit taut therebenth theriacandrom tormintill zedaarii
NL-HaNA_1.04.02_4084A_0149,9,14,agt drie een els ses thien tuuaals tuuee uuit,aloluaar cammetses estamen garoliinringen guoore haarnaaldlen kleerrak luts messes oesorteerde oloosen opcort ponoten regtstraat rieuu rouuulint
NL-HaNA_1.04.02_2190_0411,9,13,drie een hond maan ses seuen tuuee tuuintig uier,agtenseuentig andagt enuestigen handrottinghs nauuentig negenhond seshonde solegasies tuueeduiiuent tuueeendertig tuuintighste uierhondt
NL-HaNA_1.04.02_2194_0100,9,13,agt negen ses seuen thien tuuaals tuuintig uier uiis,auergaars bankschroeuer blokschauen draiiets holleties houle kolmessen krosen pariquement passsers rheescharen sleiip uoorloppers
NL-HaNA_1.04.02_3642_0128,9,13,agt drie een ses seuen tuuaals tuuee uier uuater,bockeleen emers genuerschaauen handbalies handhamen kliispaad konmandels notenasp piekhaars putuaaties raatias sleepliin tnegten uuiigertros
NL-HaNA_1.04.02_10067_0674,9,12,agt drie een els negen ses tien tuuee uiis,astrolabiums guities handzage iikere kagemoole liniaals pernen punkteen sauace schrasbiitels spansoege uerlengstucken uermoortias
NL-HaNA_1.04.02_2194_0098,9,9,agt drie een els hondert ses thien tuuee tuuintig uier,bankschroenen draiibank kaute lantese maleplanken moaleplanken planksen pompschulpten saliplanken
NL-HaNA_1.04.02_2904_0386,9,9,drie een els hondert huis ses seuen tuuee uier,breuiariassen catechesmutsen depro klispaaden papegaan petiteus postellen ueldstoelen zantkokers
NL-HaNA_1.04.02_3979_0610,8,21,agt een ses seuen tuuaals tuuee uier uiis,alumen arter aurention cacarilla camin ceaussa chabaaber crolee depiaat hiisopie iaponcka maainee nigaie opitim papauen pulmanaa putaat rastat rotaaum scordi suctienie sumaduba teana ueronika
NL-HaNA_1.04.02_3979_0616,8,21,agt drie een ses tien tuuee uier uiis,absintie anitie canorie chimicaal coani colilauuang copaiue dieaschoas ipecacuana oculie pereuianum pices puluus rectisicat rotaaum salobtentie sloaus speadus spend spermacetie theaba theuebintina uttie
NL-HaNA_1.04.02_3433_0017,8,19,agt een seuen tuuaals tuuee tuuintig uier uiis,agrimonia baccar bardanum caeti cammomilla cardu cichori cumine mellilotta pinpinella pitsboor sagezet saloemba sambusi schammonie singibee srides steekbiiter uicus
NL-HaNA_1.04.02_3692_0236,8,19,agt drie een ses tuuaals tuuee uier uiis,auegaans boeiitouuuen brandiiser deuuuelbooren hakbonden hakboord handschnoeuen izen knoos liikuueester penktuiren schraauen seckelde sliipsteenbak spitsbooren staont stuiikbank trommelbak uermoortsie zethaaken
NL-HaNA_1.04.02_3979_0612,8,19,agt drie een ses seuen tuuee uier uiis,absintie anitie canorie cherebintina chimicaal coani colilauuang copaiue ipecacuana melcumino oculie pereuianum pices puluus rectisicat salabtentie sloaus speadus spend spermacetie theaba uttie
NL-HaNA_1.04.02_2904_0387,8,18,agt drie een negen ses steen tuuee uier,arramatse baticos borriborri chrandosmetsen chrest corderii curtintreekes dontrai grac gramm hodri lolla peliko regtatton roedum slud terentius tiggelt tonsoor trimeel uuateremmer
NL-HaNA_1.04.02_3433_0276,8,18,agt drie een ses tien tuuee tuuintig uiis,hakborden iagerparalen kliispaden koornschop kraenen lekbalies meetziil pikhaens pikkaens pissels riistblokken schruissteen sliipsteek uleesblokken uuateruaeties zodesteekers
NL-HaNA_1.04.02_3615_0082,8,17,drie een ses seuen thien tuuee uier uiis,hangkasie inkokers instraium kersstukken lattengieters liniaals loogbalies schepleepel schraapmessen schriistauels sluitramen sporg striikstokken teienhaak uangster zethaaken zetlooden
NL-HaNA_1.04.02_3403_0028,8,15,agt drie een ses thien tuuee tuuintig uiis,bomhaken chabrakken handbalies handzaeg hardoes kanonlepels kruithorens kruitsteeker lakekse landhaarns lepelies muurlandharens paerdeboenders sagemoole schepkom uerskuuasten uoetzoeker
NL-HaNA_1.04.02_3979_0622,8,15,drie een seuen tien tuuaals tuuee uier uiis,ardix arslii bistoories bossebind calabaina carapicum caschood chimi chimic chimicaal ialapan kaslood kopmani laallancelsen lantanie liquoa mercunium minea mineu opigt puluen rabarben salarmoniag sedlitens spiailus
NL-HaNA_1.04.02_2982_0051,8,14,drie een negen seuen tuuaals tuuee uier uuater,draaguaten geuoegbaliis kantbiitel klipbooren leggerbaliis leggerbalis metsteen pannestriikers raasters schaaskiitels thuiinaak uaatias uuaterleggen
NL-HaNA_1.04.02_2110_0211,8,13,drie een negen ses seuen tuuee tuuintig uier,arsenicum ballansies geckstocken iouuueelen klammen kleeniizers penhamers plattings seiising spompen tangetie tregterties trekmessen troeuoeten
NL-HaNA_1.04.02_3573_0121,8,13,agt drie een els negen tuuee uier uiis,candui canthanides chinucalia gummi iunipiri peruuianum pimpinella rabanber schammoni soemali spermaceti uuondzeeringen zuiikersles
NL-HaNA_1.04.02_2190_0413,8,12,een hond negen regen ses thien tuuee tuuintig,achthond amptiglasen aompassen balens lamferkrips makersplaten negenentagtig negenthin pikpotten schiissglasen sriisent suuarteel thinnenkannen
NL-HaNA_1.04.02_2203_0169,8,12,agt drie een negen seuen tuuee tuuintig uier,dommeeragton gonibacken hantboeion morgensterren negontig ontagtig plompers schietloot smelteroesen uooruuielen uuetsers uuitsers
NL-HaNA_1.04.02_3433_0022,8,12,drie een negen ses tien tuuaals tuuee tuuintig,bettings borzels draaguaten geuoegbalies linuuagens mathematicus paardeboenders pikpot rottingsbanden schriistauels uriishouten uuiegtauel
NL-HaNA_1.04.02_2190_0412,8,10,drie een hand hond hondt seuen tuuee uier,agtenseuentig duiiuent enuestigen negenhond piilgeuuigten pottinak solegasies tuueeenderti tuuinti
NL-HaNA_1.04.02_3927_0217,8,10,een negen steen tuuaals tuuee tuuintig uier uiis,biisels dopputies iagerparalen naggen piekaans slaugutsen spanzage tropsels uogiiker uuamers
NL-HaNA_1.04.02_1297_1673,8,9,drie hond hondert negen ses seuen tuuee uier,bosia endartigh gerrua herporsaet kissim maelbeecq nettou pieros sacquiera taghen uierhond
NL-HaNA_1.04.02_3376_0020,8,9,drie een hondert tien tuuaals tuuee tuuintig uiis,brossuun imperraiiaal penzeelen siiserliien superraiiaal ueruuikuuasten zegelgaaren ziluerdraed zoopies
NL-HaNA_1.04.02_3734_0100,8,9,drie een hondert tuuee tuuintig uier uiis uuit,asschagten cathegismussen handsaagen kaalschaauen nigulniassen plaklood ploegschaauen ppiikerhamers ramsaagen
NL-HaNA_1.04.02_3907_0327,8,9,drie een tien tuuaals tuuee tuuintig uier uiis,bopsen brusselsant enkelke paktroontassen roodaurde sarquemert tromspaanders zeemkere zoldeerzel zuuaartouuuen
NL-HaNA_1.04.02_10067_0661,8,9,agt drie een els seuen tien tuuee tuuintig,draagualen handspoken klotsen kordoes kruitmoole landstorken rampaards siaeppen uarkenstrarten
NL-HaNA_1.04.02_8799_0215,8,8,drie hondert thien tien tuuee tuuintig uier uiis,hondeert kanor kardoesstokken kochorens naaldigns paoppen peesstabe tuueeduiizen uuerendertig
NL-HaNA_1.04.02_3800_0678,7,31,agt een ses tuuaals tuuee tuuintig uier,aagint absenthie aeris agria albuin aliemin aniemaal aniesie assasoetieda basceliecum besiena cacispariedes carmienateeuie castoaie cerassa copaine cumieno denaber gulla iallappa kekonomale licquiacelie liequirietie mieneraal nalieuel
NL-HaNA_1.04.02_3667_0490,7,30,agt drie een ses tuuee tuuintig uier,aardie alium althen anitie aquai argentim aubo bassun carminat conaber copaiiua crimor dragme dulcus herboe ialapie iouua ipikaquanee kantaridus liquirite mastuks namomi natiuie peruianum puruianum
NL-HaNA_1.04.02_4084A_0146,7,21,agt drie een ses tuuee tuuintig uier,beulote chitze combourrs cossikannen dlaarin garolinen handoloeken hois keille kroste moetras olobbelsteene ouertreksels peulauuu peuleuuu peuleuuus roodte schenkbekken seruetsen spreigen teille thocolaadkan thuingieter ueerebeel ueropiet
NL-HaNA_1.04.02_3403_0029,7,20,agt drie een els ses tuuee uier,draaguaten draeguaten droogtauels droogziil gaetschiiuen gutie haelmes kruitstellings pattroonualen prezenning rampaerds salpeterbalies schepkoppen sistemakers suuengels theerputzen trekbank uriistauels uuielband uuielhaken
NL-HaNA_1.04.02_3667_0280,7,18,agt een ses tuuaals tuuee uier uiis,alhand alsumen carcari cetie chamomilla consera geagaici hiisopie liquinitie militot peroeuianum pulmanaria quintragacanti riinsint rouismarini sambucie serpentauia spices tussilagin
NL-HaNA_1.04.02_3979_0614,7,18,agt een ses tien tuuee uier uiis,anitie canorie cheribintina chimicaal coani colilauuang copaiue ipecacuana oculie pereuianum pices puluus salobtentie sloaus speadus spend spermacetie uinirectisicat uitacol uttie
NL-HaNA_1.04.02_2203_0168,7,17,agt drie een hondert tanden tuuee uier,astrolabes balanien comsassen dommskragt etregter gieterst goni hantmortiers heurs ilifants mekers oogiiser ruimuuaalden stoespannen uattheer uoorhamer uuinbekkens
NL-HaNA_1.04.02_3642_0127,7,17,agt drie een ses seuen tuuee uuater,aoortsen areuuiilen brandladden buitangen dommeknagten dorpo enmers enuuers iauaco naagbalies notteual panangs schabnakken setgaliin sistemaken uuasbonden uuenkelschaar zaldeer
NL-HaNA_1.04.02_3433_0020,7,16,agt drie een ses tuuee tuuintig uiis,hangkasie kombuiismnes lettergieters liniaals mnetkoker pultrum roineinse slaapezel smidssormen tauels toortzen trekpen uoorleezers zantkokers zetgaleiien zittanken
NL-HaNA_1.04.02_3433_0278,7,16,drie een els ses tuuee uier uiis,geuoegbalies lantaerns poespasbalies pollepels staertpan uersbalie uleesbalie uuateruaeties
NL-HaNA_1.04.02_3616_0135,7,15,agt drie een negen tuuee tuuintig uier,aenibla anmoniacouid braua callabrina chrittal contex cremortaat giemaloes harba hiisopie mastichs peruuianuuu raharim russilagin ueronika uiridaeris uulger
NL-HaNA_1.04.02_3692_0237,7,15,agt drie een negen tuuee uier uuater,eenigens enmen hapmessen kruitmoole naagbalies noostersg nooterasp poespasbalies schuiimspan slampen stoaspan suuuers uaatses uchtbalies uensbalie
NL-HaNA_1.04.02_2904_0380,7,14,een huis negen tuuaals tuuee tuuintig uier,colio droogtaselt grasmetsen kamper kelletie klinsteen klispaarden koeloeten krespel lettergieteri materiaals rliipsteen schuisladen sleppsteen uuasbek
NL-HaNA_1.04.02_3574_0290,7,14,agt een els sien tuuee tuuintig uier,cauchaaides cuccune drihondert eleet epson gemste lantar mencha minnea onseer sabsinth sambucis sracat therebeuth uendiet uorstrlik
NL-HaNA_1.04.02_3734_0102,7,14,agt een hondert tuuaals tuuee tuuintig uier,atuengen brusselsand halsuurglaasen hessische huissloote iizerdraat korketels maionets oogiizer persiaians schuitsdreggen tromsnaauen uischkeetels uoodaarde zonneties
NL-HaNA_1.04.02_3724_0272,7,13,agt drie een ses tien tuuaals tuuee,agremonia brandiizer caalina caoll geuoegbalies milesolie mililoti minori panch pimpenella pulmonaria sambucie scheerbek trisoli
NL-HaNA_1.04.02_3615_0079,7,12,drie een ses tuuaals tuuee tuuintig uier,ahuin ambelden baandiizer bokkeleer laiekante letterkas ossisiers riistblokken schuissteenen uuasplanken zetgaliien
NL-HaNA_1.04.02_3642_0130,7,12,agt drie een hondert ses tuuee uier,baianetten baiouets hardon hellebaanden kuipsens kuuaaren laadstakken meetketting pattrooe potepees spoutens striikstokken
NL-HaNA_1.04.02_9937_0076,7,12,agt ses tien tuuee tuuintig uier uiis,androu careri centaur charnomil helebor iherebinthin ipecacuanna peruuianum simaruba sormentil spermaceti uuinterani
NL-HaNA_1.04.02_1297_1681,7,11,drie een hondert seuen thien tuuee tuuintigh,binoor dibbouuu laelcient mammoe sameas seckiesern siagaii siaiigeii siaiinarden sieram sombou
NL-HaNA_1.04.02_1663_0613,7,11,drie een negen ses tuuaals tuuee uiis,broekkings elgaart hanties kaniin kattestaarten ketelties laatschrapers pispotten raakettingen roosterties uleesmessen
NL-HaNA_1.04.02_2904_0384,7,11,drie een negen ses tuuee tuuintig uier,bakterd biitelt draaigutsen guetzen haalmetsen hontstokken martadanen piilbooren rischaass schaasbitel uoeruuagen
NL-HaNA_1.04.02_3350_0135,7,11,agt drie een tuuaals tuuee uier uiis,auisie iuniperie kalumba kamabis lambusie schammonie senikulie seronica tormentilla zerue zoddarii
NL-HaNA_1.04.02_3642_0132,7,11,agt drie een ses seuen tuuee uiis,astrolabiuus inkoken liniaals poleiis punctuuren sandkookers schaasmessen schriissteen stuiikstokken uiiler zetgaliin
NL-HaNA_1.04.02_3724_0265,7,11,een ses seuen tien tuuee tuuintig uier,baellast boeua houuueres kalkstampers kandaammen kliispaden krommehouuuers loopboor smeltbakken uuateauaaties zethamer
NL-HaNA_1.04.02_4369_0228,7,11,drie een hondert ses tuuee tuuintigh uier,biitelhegten closies cruseer groouedo kaute rangslooten saartpan scherpingh treksaagen ueerploegh ziilkleeder
NL-HaNA_1.04.02_3350_0133,7,10,agt drie een negen tuuaals tuuee uiis,iuniperie kalumba kamabis lambusie occune schammorie senikulie seronica tormentilla zoddarii
NL-HaNA_1.04.02_4027_0627,7,10,drie een ses tien tuuee tuuintig uiis,beniouin chacalates gemoucheteerde mouttas moutteras neslis penasses soucis souppes tangebas tassetas
NL-HaNA_1.04.02_4028_0432,7,10,drie een ses tien tuuaals tuuee tuuintig,bethuilles camiees chacalates gebleckte geblekte monteras neslis penasser soupes tangebas tasetur
NL-HaNA_1.04.02_1297_1667,7,9,een hond negen ses seuen thien tuuee,aghtstuer gosael paiicaer ramissor rasinder rouperam siban sieban siriram taghentigh
NL-HaNA_1.04.02_2137_0262,7,9,drie een hondert ses tuuee tuuintig uier,alcotiiuen arpencis klaretuuiin laponsies lootuuitt pietercelii rokuuater selderiie siinepierings
NL-HaNA_1.04.02_2190_0414,7,9,agt drie negen seuen thien tuuee uier,aardhouuuelen bruiithoorn draaiihaken metshamers polmp schietbiitels slagsoretten steenpicken treckragen
NL-HaNA_1.04.02_2190_0415,7,9,drie een negen ses thien tuuee tuuintig,asseste krisklingen mastikot partusanen pistoolslooten proeur schutboouen snafaansteene ueegborstels
NL-HaNA_1.04.02_2878_0066,7,9,agt een hondert tien tuuee tuuintig uiis,aanis assuigt bensoes doacoms hoederd manteuaeren mastichis miraha pegoese sanguis sassasaas
NL-HaNA_1.04.02_3058_0154,7,9,agt drie ses thien tuuaals tuuee uier,asgelide auegaarts draaisteenen drichamers korkelels oliterra osbankuilen schaasbitels uisaakens
NL-HaNA_1.04.02_3692_0239,7,9,drie een tien tuuee tuuintig uier uiis,auegaans draaguater emeers exerceer klaruhamen koelbakken saagemoole schaasbittels sioeppen
NL-HaNA_1.04.02_10055_0785,7,9,een els hondert thien tuuee uier uiis,doorbreek galaten huiispostielen kliis lettergietens pauliaan pikhaan psaemboeken spraakkonsten zantkokers
NL-HaNA_1.04.02_1297_1679,7,8,drie een hondert negen seuen tuuee tuuintigh,dibbouuu iinarden laelcient rasaram siagaii siaiigeii sieram zeckiesern
NL-HaNA_1.04.02_1663_0602,7,8,drie een ses tuuaals tuuee uier uiis,betiel dootshoosden kauiin laatschrapers penterhaax pokhouten raakettings zeiilrack
NL-HaNA_1.04.02_2190_0409,7,8,drie een hondert ses thien tuuintigh uier,bliismalt churglasen cisserleiien engelsasch gesmeden masticot panhamers uaaldens
NL-HaNA_1.04.02_2194_0105,7,8,drie een hand tuuee tuuintig uiis uuater,gatepeteel kooiier lantsaarns pappir quoote schuiimspan sloospan uerkensteerten
NL-HaNA_1.04.02_3387_0134,7,8,agt boom drie een hondert tuuee uuind,bottoliers gompies gusen handschaetie patteroon peesends taiuue uissentuuintig
NL-HaNA_1.04.02_3845_1061,7,8,agt drie een tuuaals tuuee tuuintig uier,harpuiisketel kruiituaaten lugtuallen ooriisers oosbanden piilbooren riiptangen zilmaakers
NL-HaNA_1.04.02_4084B_0115,7,8,agt drie een tuuee tuuintig uier uogel,kaaiien kelkers luiiuaagen meskokers pieringens pooties snafaars trekpotties
NL-HaNA_1.04.02_9738_0538,7,8,agt een hondert ses thien tuuintigh uier,baoken claeuer dreuekkamers hanties kunneties neeps rondelampen uuiintinde
NL-HaNA_1.04.02_9793_0437,7,8,acht drie een hondert thien tuuee uier,demarocko hauermanties kulies latoencoper rinie roodemuntsen ziidsebooter zuperiaal
NL-HaNA_1.04.02_3487_0496,6,23,agt drie een ses tuuee uier,alcal amsie assaselda caemoa caslaba chamom daagmasala dragmat duccum gulta iussilag kabarber muskas nitum opiuuu peruuianume precepit salfer sambucie taater talappa tartak tistel ueronika uitum
NL-HaNA_1.04.02_3979_0596,6,21,agt een ses tuuaals tuuee uier,aagent akalaaber aliimen camfoa catechimissen chimie chimio daagmas dulois egeptiacum hoskan ipecacuana liquiditie masticht minea ontenaadix pietels quom subblimat taatha tilemans uinide zegelgaaren
NL-HaNA_1.04.02_3848_0658,6,19,aarde een ses tuuee tuuintig uier,absenth aguarosarum alumen carminatiu cheribenthina chimic ciber copaiiua dragmans dragmasolium liquirites mastichs pereuianum rekkonomale risina sacharsaturni saluolataloes spangia uerglaas
NL-HaNA_1.04.02_3692_0235,6,18,drie een ses seuen tuuee uiis,batihaloa handbalies knaanen knaarboor kuissens meetziilen schaalblaaden schabnakken schuiissteent spoonen stuiikbreeken stuiikstakken suuikboor tandbreeker uiiptang uuuertangen uuung zaagemoole
NL-HaNA_1.04.02_3433_0013,6,16,drie een els tuuaals tuuee uier,brandiizer breekbank droogtauels geuoegbalies kalksist kalkstampers kombuismessen lanthaarss leggerbalies maatslokken schuimspan seiihamer slonsse uleeshakbord uuaperkamer
NL-HaNA_1.04.02_3487_0322,6,16,agt drie een tuuee uier uiis,cantharise colabrina copriue costoruim emplatter ialaspa mertha mircur partar pereuuanum recin sachar saturni snipper spermacetie therebintina uolatic zuiikersles
NL-HaNA_1.04.02_3692_0233,6,16,drie een ses tien tuuee tuuintig,boekkas boeuekettings boshall hamenslag inkthookers kagesetters knaanzaagen kooiitas laadstakken patnoon schaosbiitels trammel uerschots zagereil zanthoker zanthokers
NL-HaNA_1.04.02_3574_0408,6,15,agt een ses thien tuuee uier,absinthie ammoniak baldem carminatiui chimi chinab copaiue cumind dragmas epecacuana keckonomale natiui peruuianum sachar saturnie schamm spirieties subimat
NL-HaNA_1.04.02_2982_0052,6,14,een ses tuuee uier uiis uuater,appothecagia compbouten eemmers emmens geuoegbaliis kappenes laegters landkoker marhpriemen miipetang pannebakkenii rhaaringen schinkelhaaken
NL-HaNA_1.04.02_3615_0080,6,14,drie een tuuee uier uiis uuater,geuoegbalies kappersueld kloosmes kokskeetel koonsoorn kouhamers lanthaaans poespasbalie popsertie taartpannen uersbalie zethamer
NL-HaNA_1.04.02_10067_0677,6,14,agt drie een ses tuuaals tuuee,agremonia canthorides dococtum maiiorana mililoti minori ortinica panch penalla pulmonana scheerbek slamper sombucie trisoli
NL-HaNA_1.04.02_3403_0042,6,13,agt drie een thien tuuee uiis,agrimonia braua cetie ientiana karabiin karabinder lacatie nasturti passoel pimponella sambusi sambusie schamoini
NL-HaNA_1.04.02_3640_0134,6,13,agt een negen ses seuen tuuee,dailbooren hangkasie inktbalies kattoepitti kliispadie koorntang krommer punctuuren romiinie slaapezel uuasborden uuerkbank zantkokers zoutkokers
NL-HaNA_1.04.02_3847_0714,6,13,drie een seuen tien tuuee uier,bankschroesen blikslaegens blokschaeuen bossing duikel handschroesen kloetsag laekend lesge lootden ouerzeii schraass schrep schuiitsteenen uuiinkrden zaagse
NL-HaNA_1.04.02_10055_0787,6,13,drie een negen steen tuuee uier,ausus borriboari corderii doutulin graci gramm niglatten pitisco pladri roedim sluid terentius titraglatton trinell
NL-HaNA_1.04.02_3642_0131,6,12,drie een negen ses uier uiis,geuoegbalies laboor sagesetters soodesteekens uensbalie uersbalie zagemoole zandkoker
NL-HaNA_1.04.02_1424_0461,6,11,drie een ses tuuee tuuintig uier,bieslint coraelties dikstene drael kabaii oogties oorringeties oorsangers scriboose slinkerhant stelsel thorais uuerckse
NL-HaNA_1.04.02_3143_0728,6,11,een negen ses tuuee uier uiis,aames beleeuangs blikka keleene kokeers kooiiten koolschop landkokers linsael lodestekers schaasbanken
NL-HaNA_1.04.02_3517_0056,6,11,agt drie een ses tuuee uier,auegaert biitell boeruuagen chabrakken draaiihaeken handbiitels handbiitelt metsteen spanzaegen zaaguiilen zoldeerbouten
NL-HaNA_1.04.02_3546_0202,6,11,agt een groot tuuee uier uiis,galiinen houtes kooltang ordale romiinse sangnooten schraapmessen schroespasser sloppers trekiizer uoorschut
NL-HaNA_1.04.02_3573_0132,6,11,drie een tien tuuaals tuuee uiis,brandhadders eiizers handueiil hangkasie iagerparalen kalkstampers koolmaat liisiagers nouuuenhouten ueebakken zoeuuiilen
NL-HaNA_1.04.02_4347_0282,6,11,broeder kind man moeder uader urouuu,angala anguane cabrid catrin iacobos iassenanue kelandeuuoe magarinda marama nambekombe schoekkee
NL-HaNA_1.04.02_9989_0022,6,11,een hondert tien tuuee tuuintig uiis,bazuin belgicum dictionarium duizene engesch hoogstratens hosken kuuanto latino neuerduitsch onbereid ontreins piktels siiserboeken zelsstandige
NL-HaNA_1.04.02_3111_0541,6,10,agt drie een els tuuee uiis,biilens driiuel geasschauen handueiilen holleschaauen holmassen houuuueelden oiesschaeuen spansboor staartschaeuen
NL-HaNA_1.04.02_3324_0292,6,10,drie een ia negen tuuee uier,asiizer dienenze haekies kannonbooren natale niiktangen onuerglaesde smeltbakken tapbooren uuurhaeken
NL-HaNA_1.04.02_3546_0196,6,10,drie negen tien tuuaals tuuee uier,bardanum campana chamm kalumba lekbalies milicoli pimpinella polipodie queci soodesteekers
NL-HaNA_1.04.02_3551_0346,6,10,agt drie een tuuee uier uiis,bankhaaken draaiihaaks handbeilen klimhaaken kloosmessen liimpot pompschagten raespen santkooker scuiissteenen
NL-HaNA_1.04.02_3638_0130,6,10,een ses tien tuuee tuuintig uier,armeiilen baeasen bierkaanen doorbreek handschaoenen klinkhaamers peasen staartschaeuen uatensement uuiinkranen
NL-HaNA_1.04.02_3667_0492,6,10,agt een ses tuuee tuuintig uier,agrimonia alimun crimos horba liquiritei opiael salepson seronike siplimate sporgia timil
NL-HaNA_1.04.02_3702_0040,6,10,drie een tien tuuaals tuuee uiis,arguement bartier bladd cabseltouuuen heidelbergsche iaapansche iangd kruitzeesten riistmaeten trommelzeest
NL-HaNA_1.04.02_3928_0167,6,10,een negen ses tuuee tuuintig uiis,inkbalii koetstuiigen kooiilassen liniaals meetstokken soldeur steiigbeugels uentinbak zandkokers zoldaete
NL-HaNA_1.04.02_9943_0018,6,10,drie ses tien tuuintig uier uiis,daeuelhamers gulten klaau oogiizer rabatsploegen riiptangen schuissteenen speeahaaken spontbooren staaatschaauer
NL-HaNA_1.04.02_9984_0034,6,10,drie hondert tien tuuee tuuintig uiis,arands bardies bazuin hoogstratens hornius hosken mantans meiers mouers naeuu uuiiel zelsstandige zondbrieuen
NL-HaNA_1.04.02_10008_0125,6,10,een hondert tien tuuee uiis uuit,dictionarium htauermans liiberechts losken naaim penzeelen pitiscus saradiis siiserboeken tuueeduizend uuorton
NL-HaNA_1.04.02_1699_0071,6,9,een eten komen nagt sien slapen,iocaits misima narumie nemeli nimacoeis okasacca soetsi susacasuuua susimi teuernagten
NL-HaNA_1.04.02_2445_1608,6,9,een hondert ses thien tuuee uier,anese camparing ceni coloekents crosi leruui palaria salcaparille tormentil
NL-HaNA_1.04.02_2982_0049,6,9,drie een ses seuen tuuee uier,baticos ciisealii doorbreek duuaag geuoegbalii inktbalii psalen suppustori uuithouse
NL-HaNA_1.04.02_3111_0545,6,9,drie een ses tuuaals tuuee uier,biddings blicketregter boutens draeguaeten konbeiitel pompbouties pompstok splishoorns uleesbalii
NL-HaNA_1.04.02_4419_0107,6,9,een seuen thien tuuee tuuintig uier,amarils baliireeps cardes crammer eizertrassen grondel patraan pertuurliins schiisde zeiilgaanen
NL-HaNA_1.04.02_8880_1358,6,9,een thien tuuintig uier uiis uoet,ankerstocke bekuuiin brandeglaasen extraii hiemen houuuerklinken sagriin uerreekeiikers uertiel
NL-HaNA_1.04.02_8954_0968,6,9,drie een hondert root ses tuuintig,bruinenokker cismussen dinsent eenduisent glaseruiten meiens oliesteenties siser smald
NL-HaNA_1.04.02_9950_0018,6,9,drie een ses tien tuuaals uiis,chismussen ionneties letterkousten mortous penzeelen seedels siisserboeken siisserliien siitsergristen
NL-HaNA_1.04.02_9967_0020,6,9,drie een hondert tien tuuintig uiis,bardies enangelieus histarien onbereid perzeelen siiserboeken sparaakkoust uuaordenschat uuiinr zeuels
NL-HaNA_1.04.02_10008_0124,6,9,een hondert tien tuuee uiis uuit,dictionaaium duizand htauermans liiberechts losken naaimuuoorden penrzeelen pitiscus saradiis siiserboeken
NL-HaNA_1.04.02_2194_0087,6,8,agt een seuen tuuaals tuuee uiis,diametes kestels koplepels ralleties reeptouuuen slausiens teerketel tuuistig
NL-HaNA_1.04.02_2859_0261,6,8,een hondert ses thien tuuaals tuuintig,klade kroezen musschoris oliisants pasem peesem sleiip zeiisser
NL-HaNA_1.04.02_2927_0821,6,8,drie een riist steen tuuaals tuuee,borrieboari kratsels monnaar partapees partexees piestaalen portespees sliissteen
NL-HaNA_1.04.02_3199_0036,6,8,drie een tien tuuee tuuintig uiis,kopperdraad magneet nagthins rekeltanden teerkuuatten trouuuuellen uenetiaansch ziilgieters ziilplaaten ziilsteen
NL-HaNA_1.04.02_3244_0330,6,8,een hondert ses tuuaals tuuee uoeten,dioploonen loodliuen pomplaar slipstienen smoekoolen uarsquasten uloerstoenen uuank
NL-HaNA_1.04.02_3433_0274,6,8,agt een negen tuuintig uier uiis,baiont hardonriemen hellebaerd partizoens sagertassen spontons staartschaas trouuuat
NL-HaNA_1.04.02_3583_0147,6,8,agt een ses tuuaals tuuee tuuintig,armueilen blitels drikante haieuellen handuilen hrossels piesen schulpzaag
NL-HaNA_1.04.02_3624_0233,6,8,drie hondert tien tuuee tuuintig uier,bierkraanan manskoussen mastbroekings roorns ropde schiisde truuueelen uiisttig
NL-HaNA_1.04.02_3642_0129,6,8,agt drie een ses seuen tuuee,areruuiilen kanbassen knaauen koerbuiis lekbalies naaiiens schassbalies stoortpannen
NL-HaNA_1.04.02_3762_0025,6,8,drie een hand thien tuuee uier,blasbalgen handschairen iaezen kraeuuen plett plette riikplaet zest
NL-HaNA_1.04.02_3798_0488,6,8,drie een negen tuuee tuuintig uiis,ciniaals hangkasies lettergieters schriistauels smeehamer sornius uuarmbiitel zoeuuiilen
NL-HaNA_1.04.02_3894_0369,6,8,thien tuuaals tuuee tuuintig uarken uier,cordoesnaalden gaasmessen handkloppers handmookers klipbooren metssen staaaten uuaaterpassen
NL-HaNA_1.04.02_3928_0158,6,8,agt drie een tuuee tuuintig urouuu,graueeriisers kanteuiil kliinkinders meetsiilen planeel uuaambiitel zoeuuiilen zoldeerbout
NL-HaNA_1.04.02_3979_0624,6,8,agt een ses seuen tuuee zout,bealiing eegtien kaamen kaslood kinderhoed laauue lampolli spaaras uerskuuast
NL-HaNA_1.04.02_4370_0117,6,8,een hondert ses tuuaals uier uuiis,bengls cantbeiitels gingana mudsies plotasse schaasbeiitels zilkeeden ziluuaalden
NL-HaNA_1.04.02_8302_0463,6,8,agt een hand ses tuuee uier,beuasuaetses calsaet chaemers duiiset haeiien klosses riiptangen sahadeuen slagleiinen zange
NL-HaNA_1.04.02_8980_2167,6,8,een hondert ses tien tuuaals uiis,armuiisen dermnoorties ginn guie guttagamba handschroenen sniimesen zandzagen
NL-HaNA_1.04.02_9749_0567,6,8,drie hondert ses seuen thien uier,cabeltouuun geteende iuides lautaarn ongenieten peretrii zeiilleiicken ziilmaakers
NL-HaNA_1.04.02_9759_0297,6,8,drie ses seuen thien tuuee tuuintig,arsenicum celii copaiua herbasabina ongemele soodestekers uenelii uertoosen
NL-HaNA_1.04.02_9936_0020,6,8,agt een thien tuuaals uier uiis,boionetten coutreels doutrin graenadier kerbeeliiks matheses outain pictels tornius
NL-HaNA_1.04.02_9954_0245,6,8,een tien tuuaals tuuee tuuintig uiis,houermans pietels sereesche siiisserboeken siitsergristen tirannii zakuuiin zegelgaaren zendebrieuen
NL-HaNA_1.04.02_9989_0028,6,8,een ses tien tuuee tuuintig uier,aanuuiilen allerkleinste bankschroesen boaszen dommekrachten meszen perzen plattangen staantschaauen
NL-HaNA_1.04.02_9998_0028,6,8,agt een ses tuuaals tuuee uuind,bosuuen hoonus ligtens liiziges louthaarus neeps rhabanden schraapens uerskuuasten
