glottocode,name,aes,med,n_refs,macroarea,countries,power,first_doc,last_doc,family,lat,lon
ambe1246,Ambermo,extinct,wordlist or less,1,Papunesia,ID,Netherlands,,,uncl1493,-1.763355,137.903651
amer1255,American Indian Pidgin English,extinct,wordlist or less,1,North America,US,Britain/Spain/France,,,pidg1258,,
ando1254,Andoquero,extinct,wordlist or less,1,South America,CO,Spain,,1867,huit1251,-0.666992,-72.310867
apot1235,Apoto,extinct,wordlist or less,1,South America,BR,Portugal,,,unat1236,,
aram1252,Aramanik,extinct,wordlist or less,1,Africa,TZ,Britain,,,book1242,-2.90656,37.3491
bade1240,Badeshi,extinct,wordlist or less,1,Eurasia,PK,,,2005,unat1236,35.2655,72.6823
bagu1249,Bagua,extinct,wordlist or less,1,South America,BR,Portugal,,,uncl1493,,
barb1242,Barbacoas,extinct,wordlist or less,1,South America,CO,Spain,,,unat1236,1.5206,-78.4834
bell1264,Belle-Isle Pidgin,extinct,wordlist or less,1,North America,CA,Britain/France,,,pidg1258,,
borg1237,Borgu,extinct,wordlist or less,1,Africa,SD,,,,uncl1493,,
cagu1236,Cagua,extinct,wordlist or less,1,South America,CO,Spain,,,book1242,3.99999,-74.0
cara1273,Carari,extinct,wordlist or less,1,South America,BR,Portugal,,1833,araw1281,-6.948358,-64.232247
chip1236,Chipiajes,extinct,wordlist or less,1,South America,CO,Spain,,,book1242,3.08332,-71.1667
chir1294,Chiriva,extinct,wordlist or less,1,South America,BO,Spain,,1794,pano1259,-13.5,-66.3
coer1236,Coeruna,extinct,wordlist or less,1,South America,CO,Spain,,1867,huit1251,-1.054216,-70.58464
coxi1236,Coxima,extinct,wordlist or less,1,South America,CO,Spain,,,book1242,6.08332,-72.0833
cume1234,Cumeral,extinct,wordlist or less,1,South America,CO,Spain,,,book1242,2.83332,-69.5
dago1245,Dagoman,extinct,wordlist or less,1,Australia,AU,Britain,,1982,yang1287,-15.764,132.379
dree1234,Dre,extinct,wordlist or less,1,Papunesia,PG,,,2020,more1255,-8.5,141.68
eska1234,Eskayan,extinct,wordlist or less,1,Papunesia,PH,Spain,,,arti1236,,
esum1241,Esuma,extinct,wordlist or less,1,Africa,CI,France,,1800,unat1236,5.21504,-3.05409
etch1234,Etchemin,extinct,wordlist or less,1,North America,US,Britain/Spain/France,,1605,uncl1493,,
guai1246,Guaicaro,extinct,wordlist or less,1,South America,AR,Spain,,,uncl1493,,
gulu1236,Gulunggulu,extinct,wordlist or less,1,Australia,AU,Britain,,,unat1236,,
hara1272,Harappan,extinct,wordlist or less,1,Eurasia,IN PK,Britain,,-1300,unat1236,30.611,72.8929
hora1238,Horace Holden's Pidgin Tobi,extinct,wordlist or less,1,Papunesia,PW,,,,pidg1258,3.005176,131.172218
horo1247,Horo,extinct,wordlist or less,1,Africa,TD,France,,1925,cent2225,9.239,18.378
hoxa1234,Hoxa,extinct,wordlist or less,1,South America,CO,Spain,,,uncl1493,,
idab1234,Idabaez,extinct,wordlist or less,1,South America,CO,Spain,,,uncl1493,,
ides1238,Idesa,nearly extinct,wordlist or less,1,Africa,NG,Britain,,,book1242,7.34629,6.2929
jana1236,Jan-Awei,extinct,wordlist or less,1,Africa,NG,Britain,,2009,atla1278,9.661135,11.384125
jarg1234,Jargon Loucheux,extinct,wordlist or less,1,North America,CA,Britain/France,,,pidg1258,,
kaka1269,Kakauhua,extinct,wordlist or less,1,South America,CL,Spain,,,book1242,-39.0488,-72.3228
kiau1234,Kiautschou Pidgin German,extinct,wordlist or less,1,Eurasia,CN,,,,pidg1258,,
kimd1235,Kimda,extinct,wordlist or less,1,South America,PY,Spain,,1883,nucl1710,-25.826594,-54.625855
kuku1286,Kukura,extinct,wordlist or less,1,South America,BR,Portugal,,,book1242,,
loup1245,Loup B,extinct,wordlist or less,1,North America,US,Britain/Spain/France,,1750,algi1248,42.17888,-72.85251
mabe1235,Mabenaro,extinct,wordlist or less,1,South America,PE,Spain,,1922,pano1259,-11.543809,-68.277741
maca1264,Macao Pidgin Portuguese,extinct,wordlist or less,1,Eurasia,CN,,,,pidg1258,22.19664,113.55007
mana1248,Manangkari,extinct,wordlist or less,1,Australia,AU,Britain,,,unat1236,-11.361,132.352
manc1255,Manchuria Pidgin Japanese,extinct,wordlist or less,1,Eurasia,CN,,1932,1945,pidg1258,43.87875,125.31941
mawa1236,Mawa (Nigeria),extinct,wordlist or less,1,Africa,NG,Britain,,,unat1236,10.8527,9.72407
mich1247,Michigamea,extinct,wordlist or less,1,North America,US,Britain/Spain/France,,,uncl1493,,
mily1238,Milyan,extinct,wordlist or less,1,Eurasia,TR,,-500,-400,indo1319,36.356111,29.318611
nata1238,Natagaimas,extinct,wordlist or less,1,South America,CO,Spain,,,book1242,4.16665,-75.0333
nawa1259,Nawathinehena,extinct,wordlist or less,1,North America,US,Britain/Spain/France,,1899,algi1248,41.316,-104.45
newc1245,New Caledonian Pidgin French,extinct,wordlist or less,1,Papunesia,NC,France,,,pidg1258,,
newr1237,New River Shasta,extinct,wordlist or less,1,North America,US,Britain/Spain/France,,1903,shas1238,41.100052,-123.179627
norr1243,Norra,extinct,wordlist or less,1,Eurasia,IN,Britain,,,book1242,27.5088,98.4502
nort2956,Northern Tarahumara,extinct,wordlist or less,1,North America,MX,Spain,,2005,utoa1244,28.46463,-107.79791
okwa1236,Okwa,extinct,wordlist or less,1,Africa,GH,Britain,,,uncl1493,,
okwa1235,Okwanuchu,extinct,wordlist or less,1,North America,US,Britain/Spain/France,,1930,shas1238,41.20576,-122.27049
oldk1238,Old Kentish Sign Language,extinct,wordlist or less,1,Eurasia,GB,,,,sign1238,51.1198,0.98365
omej1234,Omejes,extinct,wordlist or less,1,South America,CO,Spain,,,book1242,0.99999,-70.0
omom1235,Omomil,extinct,wordlist or less,1,North America,US,Britain/Spain/France,,1905,utoa1244,35.592164,-118.972798
panc1242,Panche,extinct,wordlist or less,1,South America,CO,Spain,,,uncl1493,,
para1324,Parauana,extinct,wordlist or less,1,South America,BR,Portugal,,1832,araw1281,0.226462,-61.848628
pata1255,Patagon,extinct,wordlist or less,1,South America,PE,Spain,,,uncl1493,,
paya1237,Payaya,extinct,wordlist or less,1,North America,US,Britain/Spain/France,,,uncl1493,,
pona1251,Ponares,extinct,wordlist or less,1,South America,CO,Spain,,,book1242,4.83332,-71.5
pose1234,Pose,extinct,wordlist or less,1,Papunesia,ID,Netherlands,1100,1200,uncl1493,5.0615,97.45463
quin1236,Quinqui,extinct,wordlist or less,1,Eurasia,ES,,,,uncl1493,40.2638,-3.68704
rama1271,Ramanos,extinct,wordlist or less,1,South America,BO,Spain,,1794,,-14.3019482,-67.3590894
runa1235,Runa,extinct,wordlist or less,1,South America,CO,Spain,,,unat1236,2.74999,-76.5
saca1239,Sacata,extinct,wordlist or less,1,South America,PE,Spain,,,uncl1493,,
sama1296,Samatu,nearly extinct,wordlist or less,1,Eurasia,CN,,,,sino1245,23.76,98.825
seru1247,Seru,extinct,wordlist or less,1,Papunesia,MY,Britain,,,book1242,1.73885,112.133
solo1261,Solombala English,extinct,wordlist or less,1,Eurasia,RU,,,,pidg1258,,
sors1241,Sorsorian,nearly extinct,wordlist or less,1,Papunesia,VU,France,,,unat1236,-16.437,167.785
tasm1247,Tasmanian,extinct,wordlist or less,1,Australia,AU,Britain,,,book1242,,
tawe1235,Tawendê,extinct,wordlist or less,1,South America,BR,Portugal,,,unat1236,,
tome1239,Tomedes,extinct,wordlist or less,1,South America,CO,Spain,,,book1242,3.24999,-69.6666
tono1235,Tonocoté,extinct,wordlist or less,1,South America,AR,Spain,,1599,uncl1493,-27.45571,-64.63034
tuku1240,Tukumanféd,extinct,wordlist or less,1,South America,BR,Portugal,,,unat1236,-11.518,-61.42
uruc1243,Urucucús,extinct,wordlist or less,1,South America,BR,Portugal,,,uncl1493,,
urum1250,Urumi,extinct,wordlist or less,1,South America,BR,Portugal,,1975,tupi1275,-9.08,-63.848
vill1242,Villa Viciosa Agta,extinct,wordlist or less,1,Papunesia,PH,Spain,,1995,unat1236,17.471,120.638
wavu1234,Wawu-II,extinct,wordlist or less,1,Africa,TG,,,,uncl1493,,
west2864,West Greenlandic Eskimo Pidgin,extinct,wordlist or less,1,North America,GL,,,,pidg1258,68.9635,-50.8458
west2777,Western Jicaque,extinct,wordlist or less,1,North America,NI,Spain,,1920,jica1245,15.427,-88.04
xipi1238,Xipináwa,extinct,wordlist or less,1,South America,BR,Portugal,,,unat1236,-8.22,-72.39
yama1265,Yamasee,extinct,wordlist or less,1,North America,US,Britain/Spain/France,,,unat1236,,
yang1310,Yangchun Pai Yao,extinct,wordlist or less,1,Eurasia,CN,,,1985,hmon1336,22.3292,111.5972
yaru1257,Yaru,extinct,wordlist or less,1,South America,BR,Portugal,,1927,chap1271,-10.25,-62.0
yeni1253,Yeni,extinct,wordlist or less,1,Africa,CM,France,,1925,atla1278,6.48954,11.5392
yugu1250,Yugul,extinct,wordlist or less,1,Australia,AU,Britain,,,unat1236,,
gane1238,!Gã!ne,extinct,wordlist or less,2,Africa,ZA,Netherlands,,1935,tuuu1241,-31.32,28.75
adai1235,Adai,extinct,wordlist or less,2,North America,US,Britain/Spain/France,,1805,,31.6314,-92.0059
aghu1256,Aghu Tharnggalu (Retired),extinct,wordlist or less,2,Australia,AU,Britain,,1960,book1242,-15.0,144.0
agua1251,Aguano,extinct,wordlist or less,2,South America,PE,Spain,,1550,unat1236,-5.25,-75.8333
akpo1243,Akpondu,extinct,wordlist or less,2,Africa,NG,Britain,,2005,atla1278,9.235232,8.545454
alap1235,Alapmunte,extinct,wordlist or less,2,South America,BR,Portugal,,1905,unat1236,-12.329886,-59.996702
ampa1239,Ampanang,extinct,wordlist or less,2,Papunesia,ID,Netherlands,,2024,aust1307,-0.79259,116.349
anti1242,Antioquian,extinct,wordlist or less,2,South America,CO,Spain,,1700,chib1249,7.199341,-75.342236
apia1247,Apiaka-Tocantins,extinct,wordlist or less,2,South America,BR,Portugal,,1970,cari1283,-6.5,-49.771729
arac1235,Aracaju,extinct,wordlist or less,2,South America,BR,Portugal,,,uncl1493,,
arak1254,Arakwal,extinct,wordlist or less,2,Australia,AU,Britain,,,book1242,,
aran1265,Aranama,extinct,wordlist or less,2,North America,US,Britain/Spain/France,,1805,uncl1493,28.65425,-97.38526
arua1263,Arawá (Amazonas State),extinct,wordlist or less,2,South America,BR,Portugal,,1877,araw1282,-5.5,-67.98
arin1243,Arin,extinct,wordlist or less,2,Eurasia,RU,,,1750,yeni1252,57.0,93.0
aroa1234,Aroaqui,extinct,wordlist or less,2,South America,BR,Portugal,,1882,araw1281,-2.102167,-60.398433
athi1234,Athima,extinct,wordlist or less,2,Australia,AU,Britain,,1931,pama1250,-17.2,142.4
bape1239,Bapen,extinct,wordlist or less,2,Africa,GN,France,,1971,atla1278,12.13,-12.79
bari1241,Barikanchi,extinct,wordlist or less,2,Africa,NG,Britain,,,pidg1258,11.989,8.4331
basa1280,Basa-Gumna,extinct,wordlist or less,2,Africa,NG,Britain,,1987,atla1278,9.94207,6.58105
bind1234,Bindal-Cunningham,extinct,wordlist or less,2,Australia,AU,Britain,,1886,pama1250,-19.503533,147.276395
bind1235,Bindal-Gorton,extinct,wordlist or less,2,Australia,AU,Britain,,1886,pama1250,-19.678195,147.269528
bind1236,Bindal-Mount Elliot,extinct,wordlist or less,2,Australia,AU,Britain,,1886,pama1250,-19.409007,147.002766
borg1236,Borgarmalet,extinct,wordlist or less,2,Eurasia,SE,,,,pidg1258,,
cabi1242,Cabixi-Natterer,extinct,wordlist or less,2,South America,BR,Portugal,,,uncl1493,,
capo1236,Capoxo,extinct,wordlist or less,2,South America,BR,Portugal,,1867,nucl1710,-16.766667,-42.033333
cash1253,Cashinawa of the Tarauacá river,extinct,wordlist or less,2,South America,BR,Portugal,,1932,pano1259,-7.5,-70.25
copa1238,Copallen,extinct,wordlist or less,2,South America,PE,Spain,,,uncl1493,,
dama1262,Dama (Sierra Leone),extinct,wordlist or less,2,Africa,SL,Britain,,,uncl1493,,
dima1246,Dima-Bottego,extinct,wordlist or less,2,Africa,ET,,,,uncl1493,,
emok1238,Emok,extinct,wordlist or less,2,South America,PY,Spain,,,book1242,-24.9202,-57.8892
envu1234,Envuelto,extinct,wordlist or less,2,South America,CO,Spain,,,uncl1493,-0.0355621,-70.944973
erie1238,Erie,extinct,wordlist or less,2,North America,US,Britain/Spain/France,,,uncl1493,42.158,-79.64
eteo1236,Eteocretan,extinct,wordlist or less,2,Eurasia,GR,,,,uncl1493,,
gauu1234,Gau,extinct,wordlist or less,2,Eurasia,CN,,,1990,taik1256,27.66,105.6569
gugu1257,Gugu Mini,extinct,wordlist or less,2,Australia,AU,Britain,,,book1242,,
hott1234,Hottentot Dutch,extinct,wordlist or less,2,Africa,ZA,Netherlands,,,pidg1258,,
imba1237,Imbabura,extinct,wordlist or less,2,South America,EC,Spain,,,uncl1493,,
jaka1245,Inku,extinct,wordlist or less,2,Eurasia,AF UA,,,1995,indo1319,36.001755,68.611035
geic1236,Jeicó,extinct,wordlist or less,2,South America,BR,Portugal,,1855,nucl1710,-6.56,-43.0
juma1248,Jumano,extinct,wordlist or less,2,North America,MX,Spain,1580,1750,unat1236,29.52316,-104.39797
kain1277,Kainuu Saami,extinct,wordlist or less,2,Eurasia,FI,,,,uncl1493,,
kant1247,Kantarure,extinct,wordlist or less,2,South America,BR,Portugal,,,uncl1493,,
kara1506,Kara,extinct,wordlist or less,2,South America,EC,Spain,,,uncl1493,,
kask1240,Kaskean,extinct,wordlist or less,2,Eurasia,TR,,,-900,uncl1493,,
keta1243,Ketangalan,extinct,wordlist or less,2,Papunesia,CN,,,1950,aust1307,25.0257,121.425
kite1237,Kitemoka,extinct,wordlist or less,2,South America,BO,Spain,1826,1970,chap1271,-16.0,-62.75
kulo1238,Kulon,extinct,wordlist or less,2,Papunesia,CN,,,1945,aust1307,25.00238,121.32473
luia1234,Lui,extinct,wordlist or less,2,Eurasia,IN,Britain,,,book1242,21.3635,99.6619
magi1242,Magiana,extinct,wordlist or less,2,South America,BO,Spain,,1794,araw1281,,
mahi1249,Mahigi,extinct,wordlist or less,2,Papunesia,PG,,,1924,anim1240,-7.684709,143.234891
manc1254,Manchuria Pidgin Chinese,extinct,wordlist or less,2,Eurasia,CN,,1932,1945,pidg1258,41.98487,123.61089
mari1442,Manitsauá,extinct,wordlist or less,2,South America,BR,Portugal,,1925,tupi1275,-11.5833,-53.9667
mara1417,Marau Wawa,extinct,wordlist or less,2,Papunesia,SB,,,,uncl1493,-10.825887,162.1901
mayo1270,Mayoruna-Jandiatuba,extinct,wordlist or less,2,South America,BR,Portugal,,1957,pano1259,-4.979863,-70.038757
mayo1272,Mayoruna-Tabatinga,extinct,wordlist or less,2,South America,BR,Portugal,,1867,pano1259,-4.289992,-69.873963
muel1234,Muellamues,extinct,wordlist or less,2,South America,CO,Spain,,,uncl1493,,
natu1248,Natú,extinct,wordlist or less,2,South America,BR,Portugal,,,uncl1493,-10.1856656,-36.8493409
nawa1239,Nawa,extinct,wordlist or less,2,South America,BR,Portugal,,2013,pano1259,-7.68,-72.0
neut1237,Neutral-Atiouandaronk,extinct,wordlist or less,2,North America,US,Britain/Spain/France,,,uncl1493,,
ngul1236,Nguluwan,nearly extinct,wordlist or less,2,Papunesia,FM,,,,aust1307,8.45,137.34
nigi1241,Nigilu,nearly extinct,wordlist or less,2,Papunesia,PG,,,,sepi1257,-4.45,142.55
niti1249,Nitita,nearly extinct,wordlist or less,2,Papunesia,VU,France,,,aust1307,-16.2,167.46
noca1240,Nocamán,extinct,wordlist or less,2,South America,BR PE,Portugal / Spain,,,book1242,-8.91666,-73.1667
nter1234,Nterato,extinct,wordlist or less,2,Africa,GH,Britain,,1963,atla1278,8.831601,0.097933
ooku1235,Ooku,extinct,wordlist or less,2,Papunesia,PG,,,1911,mail1249,-10.13509,149.100566
pahl1240,Pahlavani,extinct,wordlist or less,2,Eurasia,AF,,,2017,indo1319,31.3267,62.1978
palu1237,Palumata,extinct,wordlist or less,2,Papunesia,ID,Netherlands,,,unat1236,-3.024,128.762
papo1239,Papora-Hoanya,extinct,wordlist or less,2,Papunesia,CN,,,1985,aust1307,24.324,120.577
pidg1255,Pidgin Kaurna,extinct,wordlist or less,2,Australia,AU,Britain,,,pidg1258,,
pimp1234,Pimpama,extinct,wordlist or less,2,Australia,AU,Britain,,1887,pama1250,-27.821692,153.304503
remo1250,Remo of the Blanco river,extinct,wordlist or less,2,South America,PE,Spain,,1927,pano1259,-6.137278,-73.544312
roma1240,Romano-Greek,nearly extinct,wordlist or less,2,Eurasia,GR,,,,indo1319,38.6347,23.2164
sana1301,Sanaviron,extinct,wordlist or less,2,South America,AR,Spain,,1700,uncl1493,-31.41693,-64.28281
sans1265,Sansimoniano,extinct,wordlist or less,2,South America,BO,Spain,,,uncl1493,,
sere1258,Serengeti Dorobo,extinct,wordlist or less,2,Africa,TZ,Britain,,,uncl1493,,
sica1234,Sicana,extinct,wordlist or less,2,Eurasia,IT,,,-300,uncl1493,37.53147,13.51352
side1240,Sidetic,extinct,wordlist or less,2,Eurasia,TR,,-500,-150,indo1319,36.764,31.917
taba1269,Tabancal,extinct,wordlist or less,2,South America,PE,Spain,,,uncl1493,,
tacu1234,Tacunyape,extinct,wordlist or less,2,South America,BR,Portugal,,1932,tupi1275,-4.562946,-53.750438
tapa1261,Tapajó,extinct,wordlist or less,2,South America,BR,Portugal,,,uncl1493,,
temb1278,Tembey,extinct,wordlist or less,2,South America,BR,Portugal,,,uncl1493,-26.4819663,-55.1291115
teoj1234,Teojomulco Chatino,extinct,wordlist or less,2,North America,MX,Spain,,1925,otom1299,16.590622,-97.224437
tuxi1238,Tuxináwa,extinct,wordlist or less,2,South America,BR,Portugal,,1970,pano1259,-9.74999,-69.0167
unub1234,Unubahe,nearly extinct,wordlist or less,2,Papunesia,PG,,,,aust1307,-10.3652,150.2683
vivt1234,Vivti,nearly extinct,wordlist or less,2,Papunesia,VU,France,,,aust1307,-16.28,167.5
waka1282,Wakabunga,extinct,wordlist or less,2,Australia,AU,Britain,,1965,uncl1493,-20.82138,139.05905
wasu1238,Wasu,extinct,wordlist or less,2,South America,BR,Portugal,,,unat1236,-9.74999,-36.8333
wenr1236,Wenro,extinct,wordlist or less,2,North America,US,Britain/Spain/France,,,uncl1493,43.14,-78.475563
wewa1238,Wewaw,extinct,wordlist or less,2,Eurasia,MM,Britain,,1975,sino1245,19.020577,96.540526
wulw1234,Wulwulam,extinct,wordlist or less,2,Australia,AU,Britain,,1925,gunw1250,-13.817802,131.830997
yala1242,Yalakalore,extinct,wordlist or less,2,South America,BR,Portugal,,1907,unat1236,-13.2396,-59.9925
anau1243,Anauyá,extinct,wordlist or less,3,South America,VE,Spain,,1928,araw1281,1.480584,-65.413237
anci1248,Ancient Ligurian,extinct,wordlist or less,3,Eurasia,IT,,,,uncl1493,,
arik1264,Arikem,extinct,wordlist or less,3,South America,BR,Portugal,,1935,tupi1275,-8.924,-63.742
arus1242,Arusha,extinct,wordlist or less,3,Africa,TZ,Britain,,,unat1236,,
aush1242,Aushiri,extinct,wordlist or less,3,South America,PE,Spain,,2005,zapa1251,-3.3196,-74.5411
sant1428,Awaswas,extinct,wordlist or less,3,North America,US,Britain/Spain/France,,1888,miwo1274,36.97685,-122.03036
bais1242,Baissa Fali,extinct,wordlist or less,3,Africa,NG,Britain,,2005,atla1278,7.38023,10.7684
bona1255,Bonari,extinct,wordlist or less,3,South America,BR,Portugal,,1875,cari1283,-2.047516,-58.468488
bung1259,Bung,extinct,wordlist or less,3,Africa,CM,France,,1975,atla1278,6.40736,11.6389
bwen1239,Bwenelang,nearly extinct,wordlist or less,3,Papunesia,VU,France,,,aust1307,-16.338946,167.660849
cara1271,Caramanta,extinct,wordlist or less,3,South America,CO,Spain,,1950,choc1280,5.624,-75.877
chai1254,Chairel,extinct,wordlist or less,3,Eurasia,IN,Britain,,1859,sino1245,24.30438,93.866431
chan1324,Changuena,extinct,wordlist or less,3,North America,CO,Spain,,1890,chib1249,9.359643,-82.568207
coca1262,Coca,extinct,wordlist or less,3,North America,MX,Spain,1580,1675,utoa1244,20.48058,-103.44671
coli1235,Colima,extinct,wordlist or less,3,South America,CO,Spain,,,uncl1493,,
dama1268,Damakawa,extinct,wordlist or less,3,Africa,NG,Britain,,1990,atla1278,11.0808,5.4914
dica1235,Dicamay Agta,extinct,wordlist or less,3,Papunesia,PH,Spain,,1965,aust1307,17.8846,121.606
doro1267,Dororo,extinct,wordlist or less,3,Papunesia,SB,,,,book1242,-8.30556,157.767
dyug1238,Dyugun,extinct,wordlist or less,3,Australia,AU,Britain,,1985,nyul1248,-17.906,122.408
gual1239,Guale,extinct,wordlist or less,3,North America,US,Britain/Spain/France,,,unat1236,,
guam1236,Guamo,extinct,wordlist or less,3,South America,VE,Spain,,1778,,8.2351027,-67.4018753
guli1244,Guliguli,extinct,wordlist or less,3,Papunesia,SB,,,,book1242,-8.10266,157.564
guti1235,Gutian,extinct,wordlist or less,3,Eurasia,IR,,,,uncl1493,,
guwa1244,Guwar,extinct,wordlist or less,3,Australia,AU,Britain,1887,1895,pama1250,-27.16698973,153.3998245
guya1250,Guyambal,extinct,wordlist or less,3,Australia,AU,Britain,,1887,pama1250,-29.1,151.0
isla1277,Island Takic,extinct,wordlist or less,3,North America,US,Britain/Spain/France,,1853,utoa1244,33.246079,-119.503678
kala1401,Kalaamaya,extinct,wordlist or less,3,Australia,AU,Britain,,1965,pama1250,-30.245,120.223
kani1283,Kaniet-Dempwolff,extinct,wordlist or less,3,Papunesia,PG,,,1905,aust1307,-0.892611,145.543794
kara1497,Karami,extinct,wordlist or less,3,Papunesia,PG,,,1955,,-7.13333,143.117
kari1255,Karirí-Xocó,extinct,wordlist or less,3,South America,BR,Portugal,,,uncl1493,-9.84999,-36.3333
kark1259,Karkin,extinct,wordlist or less,3,North America,US,Britain/Spain/France,,1955,miwo1274,38.01944,-122.13417
kata1268,Katabaga,extinct,wordlist or less,3,Papunesia,PH,Spain,,,uncl1493,17.9509,121.544
kika1240,KiKAR,extinct,wordlist or less,3,Africa,KE,Britain,,,pidg1258,,
koko1273,Koko Babangk,extinct,wordlist or less,3,Australia,AU,Britain,,1975,book1242,-15.82602,141.48016
kpat1246,Kpati,extinct,wordlist or less,3,Africa,NG,Britain,,1980,atla1278,7.25286,9.97669
kwat1246,Kwatl,extinct,wordlist or less,3,North America,MX,Spain,,1980,coch1271,30.049,-115.386
macu1258,Macuni,extinct,wordlist or less,3,South America,BR,Portugal,1820,1867,nucl1710,-17.904785,-39.809418
yuka1240,Malyj Anjuj Omok,extinct,wordlist or less,3,Eurasia,RU,,,1750,yuka1259,68.051787,162.958525
masa1311,Masacara,extinct,wordlist or less,3,South America,BR,Portugal,,1867,kama1371,-17.0,-41.5
mayo1271,Mayoruna-Amazon,extinct,wordlist or less,3,South America,BR,Portugal,,1859,pano1259,-4.322858,-70.280457
mehe1242,Meherrin,extinct,wordlist or less,3,North America,US,Britain/Spain/France,,,uncl1493,36.66342,-77.57783
mitt1253,Mittu,extinct,wordlist or less,3,Africa,SS,,,1945,cent2225,7.45616,29.0002
mula1254,Mulaha,extinct,wordlist or less,3,Papunesia,PG,,,1955,kwal1257,-9.68333,147.45
mure1235,Mure,extinct,wordlist or less,3,South America,BO,Spain,,1800,,-13.636709,-62.2020909
muzo1235,Muzo,extinct,wordlist or less,3,South America,CO,Spain,,,uncl1493,,
naga1399,Nagarchal,extinct,wordlist or less,3,Eurasia,IN,Britain,,1981,unat1236,25.5399,75.8519
ngon1275,Ngong,nearly extinct,wordlist or less,3,Africa,CM,France,,,book1242,8.78874,13.42855
niua1241,Niuatoputapu,extinct,wordlist or less,3,Papunesia,TO,,,1800,aust1307,-15.957686,-173.778333
nort3247,Northeast Bainounk,extinct,wordlist or less,3,Africa,GM,Britain,,2003,atla1278,13.213,-15.835
east2812,Northeast Itelmen,extinct,wordlist or less,3,Eurasia,RU,,1755,1892,chuk1271,57.596103,162.486163
oldw1238,Old Wanji,extinct,wordlist or less,3,Eurasia,TJ,,,1924,indo1319,38.373056,71.455278
olko1234,Olkol,nearly extinct,wordlist or less,3,Australia,AU,Britain,,,book1242,-15.2,142.4
onin1237,Onin Pidgin,extinct,wordlist or less,3,Papunesia,ID,Netherlands,,,pidg1258,-2.83,132.083
paux1235,Pauxi,extinct,wordlist or less,3,South America,BR,Portugal,,1901,cari1283,-1.690001,-55.558777
pime1237,Pimenteira,extinct,wordlist or less,3,South America,BR,Portugal,,1827,cari1283,-7.344019,-43.88325
poya1239,Poya,extinct,wordlist or less,3,South America,AR,Spain,,,uncl1493,,
pump1237,Pumpokol,extinct,wordlist or less,3,Eurasia,RU,,,1775,yeni1252,58.5,92.0
quin1252,Quinigua,extinct,wordlist or less,3,North America,MX,Spain,,,uncl1493,,
remo1249,Remo of the Jaquirana river,extinct,wordlist or less,3,South America,BR,Portugal,,1931,pano1259,-6.679339,-73.235779
salc1238,Salchuq,extinct,wordlist or less,3,Eurasia,IR,,,,book1242,37.0392,47.3487
sanf1266,San Francisco Solano,extinct,wordlist or less,3,North America,MX,Spain,,1750,uncl1493,,
sout3274,South Itelmen,extinct,wordlist or less,3,Eurasia,RU,,1755,1893,chuk1271,53.054427,157.430702
sout2466,South-Arabian-Unknown-k,extinct,wordlist or less,3,Eurasia,SA,,,,uncl1493,,
tama1328,Taman (Myanmar),extinct,wordlist or less,3,Eurasia,MM,Britain,,1995,sino1245,25.1566,95.1171
tonj1246,Tonjon,extinct,wordlist or less,3,Africa,CI,France,,1994,mand1469,8.357,-4.40666
unai1234,Unainuman,extinct,wordlist or less,3,South America,BR,Portugal,,,uncl1493,-2.99955208,-69.2247924
uwin1234,Uwinymil,extinct,wordlist or less,3,Australia,AU,Britain,,2003,gunw1250,-12.8,131.7
wagu1234,Wagu,nearly extinct,wordlist or less,3,Papunesia,PG,,,,sepi1257,-4.380424,142.726795
wali1261,Waling,extinct,wordlist or less,3,Eurasia,NP,,,1857,sino1245,26.6369,86.4837
ware1252,Ware,extinct,wordlist or less,3,Africa,TZ,Britain,,,unat1236,,
womo1238,Womo-Sumararu,nearly extinct,wordlist or less,3,Papunesia,PG,,,,skoo1245,-2.92,141.83
yaoa1239,Yaio,extinct,wordlist or less,3,South America,TT VE,Britain / Spain,,1633,cari1283,10.125673,-61.810199
arai1239,Araicu,extinct,wordlist or less,4,South America,BR,Portugal,,1819,araw1281,-3.104315,-67.2052
araz1236,Arazaire,extinct,wordlist or less,4,South America,PE,Spain,,1906,pano1259,-13.25,-70.8
arua1264,Aruan,extinct,wordlist or less,4,South America,BR,Portugal,,1900,araw1281,-0.608631,-50.123291
ayiz1244,Ayizi,nearly extinct,wordlist or less,4,Eurasia,CN,,,,sino1245,25.0,103.7
bida1238,Bidai,extinct,wordlist or less,4,North America,US,Britain/Spain/France,,,uncl1493,,
biky1238,Bikya,extinct,wordlist or less,4,Africa,CM,France,,1985,atla1278,6.74997,10.5333
bish1246,Bishuo,extinct,wordlist or less,4,Africa,CM,France,,1985,atla1278,6.67251,9.79396
boni1239,Bonin English Pidgin,extinct,wordlist or less,4,Eurasia,JP,,,,pidg1258,27.07,142.21
brun1235,Bruny Island,extinct,wordlist or less,4,Australia,AU,Britain,,1805,sout1293,-43.373112,147.247925
buen1244,Buena Vista Yokuts,extinct,wordlist or less,4,North America,US,Britain/Spain/France,,1930,yoku1255,35.22038,-119.23748
busu1244,Busuu,extinct,wordlist or less,4,Africa,CM,France,,2005,atla1278,6.68152,9.78433
camu1235,Camunic,extinct,wordlist or less,4,Eurasia,IT,,-500,-50,uncl1493,,
chap1269,Chapakura,extinct,wordlist or less,4,South America,BO,Spain,1826,1886,chap1271,-14.8,-62.2
chuv1256,Chuvantsy,extinct,wordlist or less,4,Eurasia,RU,,,1705,yuka1259,65.17,167.96
cuev1238,Cueva,extinct,wordlist or less,4,North America,PA,Spain,,,uncl1493,8.268235,-78.184569
tait1247,Cushitic Taita,extinct,wordlist or less,4,Africa,KE,Britain,,,uncl1493,,
daci1234,Dacian,extinct,wordlist or less,4,Eurasia,RO,,50,500,indo1319,46.2,23.3
daza1244,Daza,nearly extinct,wordlist or less,4,Africa,NG,Britain,,,afro1255,10.30573,10.73936
dulb1238,Dulbu,extinct,wordlist or less,4,Africa,NG,Britain,,1983,atla1278,10.1911,9.94759
duli1241,Duli-Gewe,extinct,wordlist or less,4,Africa,CM,France,,1944,atla1278,9.11241,13.4232
elym1237,Elymian,extinct,wordlist or less,4,Eurasia,IT,,-500,-300,uncl1493,37.94139,12.83222
hamb1239,Hamba NW of Nachingwea south of Mbemkuru River,extinct,wordlist or less,4,Africa,TZ,Britain,,,uncl1493,,
inga1254,Ingain,extinct,wordlist or less,4,South America,BR,Portugal,,1925,nucl1710,-24.621052,-54.254151
kono1241,Konomihu,extinct,wordlist or less,4,North America,US,Britain/Spain/France,,1903,shas1238,41.263356,-123.310776
kuuk1243,Kuuk-Yak,extinct,wordlist or less,4,Australia,AU,Britain,,2000,pama1250,-14.810589,141.788992
lemn1237,Lemnian,extinct,wordlist or less,4,Eurasia,GR,,,-500,uncl1493,,
lumb1237,Lumbee,extinct,wordlist or less,4,North America,US,Britain/Spain/France,,,unat1236,35.6171,-78.4531
mara1266,Maratino,extinct,wordlist or less,4,North America,MX,Spain,,1873,,24.339089,-98.576661
mayo1267,Mayo (Brazil),extinct,wordlist or less,4,South America,BR,Portugal,,,unat1236,,
mepu1234,Mepuri,extinct,wordlist or less,4,South America,BR,Portugal,,1831,araw1281,-1.150313,-68.248917
mimi1240,Mimi-Gaudefroy,extinct,wordlist or less,4,Africa,TD,France,,1906,,13.827507,21.11324
mimi1241,Mimi-Nachtigal,extinct,wordlist or less,4,Africa,TD,France,,1936,maba1274,14.302046,20.724106
mink1237,Minkin,extinct,wordlist or less,4,Australia,AU,Britain,,1905,,-17.736653,139.541931
mong1345,Mongoba-Kazibati,nearly extinct,wordlist or less,4,Africa,CD,,,,atla1278,2.80983,29.5637
ngum1253,Ngumbarl,extinct,wordlist or less,4,Australia,AU,Britain,,1975,nyul1248,-17.491239,122.230025
oblo1238,Oblo,extinct,wordlist or less,4,Africa,CM,France,,2002,atla1278,8.18943,14.29
orig1234,Original Costa Rican Sign Language,nearly extinct,wordlist or less,4,North America,CR,Spain,,,sign1238,9.935135,-84.010539
pank1235,Pankararé,extinct,wordlist or less,4,South America,BR,Portugal,,1965,unat1236,-9.08332,-39.6667
para1313,Paranawát,extinct,wordlist or less,4,South America,BR,Portugal,,1970,tupi1275,-9.34239,-59.053
pidg1256,Pidgin Carib,extinct,wordlist or less,4,South America,GY,Britain,,,pidg1258,,
pola1249,Polari,extinct,wordlist or less,4,Eurasia,GB,,,,uncl1493,51.7866,-1.39091
puru1267,Puruguay,extinct,wordlist or less,4,South America,EC,Spain,,,uncl1493,,
quep1238,Quepos,extinct,wordlist or less,4,North America,CR,Spain,,,uncl1493,,
robi1235,Robinia,extinct,wordlist or less,4,North America,MX,Spain,,1862,coch1271,29.48365,-114.3061
roco1235,Rocorona,extinct,wordlist or less,4,South America,BO,Spain,1770,1868,chap1271,-12.683215,-63.9917
sapa1254,Sapara,extinct,wordlist or less,4,South America,BR,Portugal,,1928,cari1283,3.433437,-61.580544
sarr1247,Sar (Indonesia),extinct,wordlist or less,4,Papunesia,ID,Netherlands,,2019,timo1261,-8.33,124.42
seng1275,Sengmai,extinct,wordlist or less,4,Eurasia,IN,Britain,,1900,sino1245,24.945633,93.881401
shau1238,Shau,extinct,wordlist or less,4,Africa,NG,Britain,,1985,atla1278,10.275,9.06674
sheb1234,Shebayo,extinct,wordlist or less,4,South America,GY,Britain,,1633,araw1281,6.74291,-58.64639
sicu1234,Sicula,extinct,wordlist or less,4,Eurasia,IT,,-600,-400,uncl1493,37.533968,14.84133
solt1234,Soltec,extinct,wordlist or less,4,North America,MX,Spain,,1886,otom1299,16.54,-96.96
sout2771,Southern Coastal Yuin,extinct,wordlist or less,4,Australia,AU,Britain,,1965,pama1250,-37.06227181,149.7169306
taya1256,Tayabas Ayta near Lucena City in Western Quezon,extinct,wordlist or less,4,Papunesia,PH,Spain,,,unat1236,16.3171,121.293
trav1237,Traveller Danish,extinct,wordlist or less,4,Eurasia,DK,,,,spee1234,55.5605,12.059
uppe1415,Upper Riverland,extinct,wordlist or less,4,Australia,AU,Britain,,1886,pama1250,-34.098823177692,140.99932761004
uppe1436,Upper Umpqua,extinct,wordlist or less,4,North America,US,Britain/Spain/France,,1950,atha1245,43.22,-123.36
ww2p1234,WW2 Pidgin German,extinct,wordlist or less,4,Eurasia,DE,,,,pidg1258,,
xinc1245,Xinca-Sinacantan,extinct,wordlist or less,4,North America,GT,Spain,,1908,xinc1237,14.126921,-90.358486
yoba1237,Yoba,extinct,wordlist or less,4,Papunesia,PG,,,1985,aust1307,-10.2167,149.283
yonc1234,Yoncalla,extinct,wordlist or less,4,North America,US,Britain/Spain/France,,1915,kala1402,43.568,-123.466
zuma1239,Zumaya,extinct,wordlist or less,4,Africa,CM,France,,1985,afro1255,10.55798,14.44451
arma1244,Arma,extinct,wordlist or less,5,South America,CO,Spain,,,unat1236,2.03332,-76.0
arit1239,Arritinngithigh,extinct,wordlist or less,5,Australia,AU,Britain,,1965,pama1250,-12.96,141.95
atsa1242,Atsahuaca,extinct,wordlist or less,5,South America,PE,Spain,,1950,pano1259,-14.1666,-69.5
beot1247,Beothuk,extinct,wordlist or less,5,North America,CA,Britain/France,,1829,,48.0,-57.0
cahu1268,Cahuarano,extinct,wordlist or less,5,South America,PE,Spain,,1985,zapa1251,-3.72665,-73.9469
caro1243,Carolina Algonquian,extinct,wordlist or less,5,North America,US,Britain/Spain/France,,1795,algi1248,35.979,-77.291
cayu1241,Cayuse,extinct,wordlist or less,5,North America,US,Britain/Spain/France,,1935,,46.1136,-117.94
cola1237,Colac,extinct,wordlist or less,5,Australia,AU,Britain,,1948,pama1250,-38.471266,143.422444
come1251,Comecrudan,extinct,wordlist or less,5,North America,MX,Spain,1829,1886,,26.1333,-98.4667
coro1249,Coroado-Puri,extinct,wordlist or less,5,South America,BR,Portugal,,1867,puri1261,-20.264033,-43.612003
coto1248,Cotoname,extinct,wordlist or less,5,North America,MX,Spain,,1875,,25.9116,-97.3956
dege1245,Degere,extinct,wordlist or less,5,Africa,KE,Britain,,,uncl1493,,
fayj1234,Fayjatases,extinct,wordlist or less,5,South America,CL,Spain,,,uncl1493,,
hara1258,Haraza,extinct,wordlist or less,5,Africa,SD,,,1974,nubi1251,15.083,30.417
ihab1241,Iha-based Pidgin,extinct,wordlist or less,5,Papunesia,ID,Netherlands,,,pidg1258,-2.935,132.294
kani1282,Kaniet,extinct,wordlist or less,5,Papunesia,PG,,,1950,aust1307,-1.51777,145.086
kena1236,Kenaboi,extinct,wordlist or less,5,Eurasia,MY,Britain,,1880,,3.154162,102.01596
cure1236,Kueretu,extinct,wordlist or less,5,South America,CO,Spain,,1920,tuca1253,-1.045978,-70.305862
kwal1258,Kwalhioqua-Clatskanie,extinct,wordlist or less,5,North America,US,Britain/Spain/France,,1930,atha1245,46.111979,-123.209332
lepo1240,Lepontic,extinct,wordlist or less,5,Eurasia,CH,,-550,-100,indo1319,45.98,8.92
marr1256,Marriammu,nearly extinct,wordlist or less,5,Australia,AU,Britain,,,west2434,-12.28,130.5
monq1236,Monqui,extinct,wordlist or less,5,North America,MX,Spain,,,uncl1493,,
musk1256,Muskum,extinct,wordlist or less,5,Africa,TD,France,,1975,afro1255,11.5697,15.4113
ouma1237,Ouma,extinct,wordlist or less,5,Papunesia,PG,,,1985,aust1307,-10.2288,149.101
pauw1243,Pauwi,extinct,wordlist or less,5,Papunesia,ID,Netherlands,,1911,aust1307,-1.65,137.8
paux1236,Pauxiana,extinct,wordlist or less,5,South America,BR,Portugal,,1967,cari1283,1.451688,-62.518616
pict1238,Pictish,extinct,wordlist or less,5,Eurasia,GB,,,,uncl1493,56.374,-3.9
pita1243,Pitaguary,extinct,wordlist or less,5,South America,BR,Portugal,,,uncl1493,,
puri1259,Purisimeño,extinct,wordlist or less,5,North America,US,Britain/Spain/France,,1900,chum1262,34.6866,-120.431
sens1242,Sensi,extinct,wordlist or less,5,South America,PE,Spain,,1950,pano1259,-7.24999,-74.9166
sill1240,Silla,extinct,wordlist or less,5,Eurasia,KR,,,,uncl1493,,
sing1266,Singa,extinct,wordlist or less,5,Africa,KE,Britain,,1902,atla1278,-0.40299,34.17762
taga1279,Tagalaka,extinct,wordlist or less,5,Australia,AU,Britain,,2015,pama1250,-18.1973276258,142.96122717197
tive1236,Tiverighotto,extinct,wordlist or less,5,South America,VE,Spain,,1867,cari1283,10.102185,-62.515411
truk1242,Truká,extinct,wordlist or less,5,South America,BR,Portugal,,,unat1236,-8.49999,-39.0
vall1252,Valley Maidu,extinct,wordlist or less,5,North America,US,Britain/Spain/France,,2000,maid1262,39.8078,-121.191
xion1234,Xiong-Nu,extinct,wordlist or less,5,Eurasia,MN,,-300,100,uncl1493,44.61,103.39
yang1305,Yangathimri,nearly extinct,wordlist or less,5,Australia,AU,Britain,,,pama1250,-12.032,141.846
zeem1242,Zeem,extinct,wordlist or less,5,Africa,NG,Britain,,2005,afro1255,10.1464,9.2826
adha1238,Adhari,extinct,wordlist or less,6,Eurasia,AZ,,400,1000,indo1319,40.05,48.06
alac1239,Alacalufe-Austral,extinct,wordlist or less,6,South America,CL,Spain,,1875,kawe1237,-54.788017,-70.140381
baim1246,Bai-Maclay,extinct,wordlist or less,6,Papunesia,PG,,,1876,nucl1709,-5.64319,146.44581
baym1241,Bay Miwok,extinct,wordlist or less,6,North America,US,Britain/Spain/France,,1805,miwo1274,37.784,-122.419
bera1261,Berakou,extinct,wordlist or less,6,Africa,TD,France,,1995,cent2225,12.5,15.0
cari1280,Cariay,extinct,wordlist or less,6,South America,BR,Portugal,1820,1831,araw1281,-1.072848,-62.887131
chac1253,Chacha,extinct,wordlist or less,6,South America,PE,Spain,,,uncl1493,,
conc1237,Concho,extinct,wordlist or less,6,North America,MX,Spain,,,uncl1493,,
coto1237,Cotoxo,extinct,wordlist or less,6,South America,BR,Portugal,,1867,kama1371,-15.0,-41.5
crim1255,Crimean Gothic,extinct,wordlist or less,6,Eurasia,UA,,1500,1750,indo1319,45.3,34.4
cruz1243,Cruzeño,extinct,wordlist or less,6,North America,US,Britain/Spain/France,,1925,chum1262,34.0465,-119.864
diri1259,Diri,nearly extinct,wordlist or less,6,Africa,NG,Britain,,,afro1255,11.1701,9.32363
eteo1240,Eteocypriot,extinct,wordlist or less,6,Eurasia,CY,,-700,-400,uncl1493,34.72103,33.1189
game1240,Gamela of Viana,extinct,wordlist or less,6,South America,BR,Portugal,,,uncl1493,-3.2913381,-45.1835185
gbin1239,Gbin,extinct,wordlist or less,6,Africa,CI,France,,1925,mand1469,8.020857,-2.811213
guac1239,Guachi,extinct,wordlist or less,6,South America,BR,Portugal,,1900,,-19.5572257,-57.5663223
herm1237,Hermit,nearly extinct,wordlist or less,6,Papunesia,PG,,,,aust1307,-1.52891,145.075
holm1250,Holma,extinct,wordlist or less,6,Africa,NG,Britain,,1995,afro1255,9.96843,13.19949
ifoo1237,Ifo,extinct,wordlist or less,6,Papunesia,VU,France,,1954,aust1307,-18.7668,169.007
jora1240,Jorá,extinct,wordlist or less,6,South America,BO,Spain,,2000,tupi1275,-15.7492,-63.2094
juma1250,Jumana,extinct,wordlist or less,6,South America,BR,Portugal,1819,1833,araw1281,-1.930054,-68.295609
kaim1235,Kaimbé,extinct,wordlist or less,6,South America,BR,Portugal,,,uncl1493,-10.4795944,-39.0262926
kazu1245,Kazukuru,extinct,wordlist or less,6,Papunesia,SB,,,1925,aust1307,-8.23886,157.687
kepk1241,Kepkiriwát,extinct,wordlist or less,6,South America,BR,Portugal,,1955,tupi1275,-11.663,-61.246
kogu1234,Koguryo,extinct,wordlist or less,6,Eurasia,KR,,,,uncl1493,,
laur1250,Laurentian,extinct,wordlist or less,6,North America,CA,Britain/France,,1575,iroq1247,45.33,-72.5
lowe1403,Lower Darling-Lower Lachlan,extinct,wordlist or less,6,Australia,AU,Britain,1883,1900,pama1250,-33.9470874,141.5854211
mara1409,Maragua,extinct,wordlist or less,6,South America,BR,Portugal,,1950,araw1281,-3.0,-67.512818
miri1270,Miriti,extinct,wordlist or less,6,South America,BR,Portugal,,1985,tuca1253,0.58896,-69.7432
mori1273,Morike,extinct,wordlist or less,6,South America,PE,Spain,,1945,araw1281,-5.634573,-73.126831
mpal1237,Mpalityanh-Luthigh,extinct,wordlist or less,6,Australia,AU,Britain,,1965,pama1250,-12.16733589,142.4853284
nauo1235,Nauo,extinct,wordlist or less,6,Australia,AU,Britain,,1925,pama1250,-33.79661078,135.828014
navw1234,Navwien,nearly extinct,wordlist or less,6,Papunesia,VU,France,,,aust1307,-16.502947,167.554419
ngko1236,Ngkoth,extinct,wordlist or less,6,Australia,AU,Britain,,1960,pama1250,-12.740575,141.886762
neta1235,North Midlands Tasmanian,extinct,wordlist or less,6,Australia,AU,Britain,,1805,nort1442,-41.55781,147.20848
oldc1255,Old Cham,extinct,wordlist or less,6,Eurasia,VN,France,400,1500,aust1307,15.82167,108.23194
pail1244,Pai-lang,extinct,wordlist or less,6,Eurasia,CN,,58,75,sino1245,31.8,103.5
pale1254,Palewyami Yokuts,extinct,wordlist or less,6,North America,US,Britain/Spain/France,,1930,yoku1255,35.556742,-119.073757
panz1235,Panzaleo,extinct,wordlist or less,6,South America,BR,Portugal,,,uncl1493,,
para1309,Paravilhana,extinct,wordlist or less,6,South America,BR,Portugal,1831,1850,cari1283,3.116667,-60.483333
pass1250,Passe,extinct,wordlist or less,6,South America,BR,Portugal,1819,1833,araw1281,-2.596949,-68.468643
skep1238,Skepi Creole Dutch,extinct,wordlist or less,6,South America,GY,Britain,,1995,indo1319,6.05191,-58.5626
sout3391,Southwestern Tasmanian,extinct,wordlist or less,6,Australia,AU,Britain,,1805,west1503,-43.41297,146.06197
tamb1257,Tambora,extinct,wordlist or less,6,Papunesia,ID,Netherlands,,1815,,-8.25,118.0
ting1238,Tingui-Boto,extinct,wordlist or less,6,South America,BR,Portugal,,,book1242,-11.5816,-37.538
urup1245,Urupa,extinct,wordlist or less,6,South America,BR,Portugal,,1925,chap1271,-10.25,-62.75
wala1263,Walangama,extinct,wordlist or less,6,Australia,AU,Britain,,1965,pama1250,-17.60243295,142.4891266
wayu1242,Wayumara,extinct,wordlist or less,6,South America,BR,Portugal,,1928,cari1283,3.133111,-61.210785
wocc1242,Woccon,extinct,wordlist or less,6,North America,US,Britain/Spain/France,,1750,siou1252,35.379075,-77.985987
yahu1241,Yahuna,extinct,wordlist or less,6,South America,CO,Spain,,1910,tuca1253,-0.505365,-70.478211
yand1261,Yandjibara,extinct,wordlist or less,6,Australia,AU,Britain,,1925,pama1250,-24.746981,145.647382
yinw1236,Yinwum,extinct,wordlist or less,6,Australia,AU,Britain,,1960,pama1250,-12.52068956,142.7036225
afud1235,Afudu,extinct,wordlist or less,7,Africa,NG,Britain,,1854,atla1278,7.17893,10.22439
ajaw1236,Ajawa,extinct,wordlist or less,7,Africa,NG,Britain,,1940,afro1255,10.21,9.89205
akak1252,Akakede,extinct,wordlist or less,7,Eurasia,IN,Britain,,1940,grea1241,12.8494,92.8227
auyo1240,Auyokawa,extinct,wordlist or less,7,Africa,NG,Britain,,1900,afro1255,9.85747,11.322
bayg1239,Baygo,extinct,wordlist or less,7,Africa,SD,,,1965,daju1249,11.13,25.22
coya1241,Coyaima,extinct,wordlist or less,7,South America,CO,Spain,,,book1242,11.3333,-73.0
guac1240,Guachipas,extinct,wordlist or less,7,South America,AR,Spain,,,uncl1493,,
haus1240,Haush,extinct,wordlist or less,7,South America,CL,Spain,,1935,chon1288,-54.7,-65.5
isol1239,Isolado do Tanaru,extinct,wordlist or less,7,South America,BR,Portugal,,,unat1236,,
kamb1239,Kambiwá,extinct,wordlist or less,7,South America,BR,Portugal,,,uncl1493,-8.6093993,-36.5993292
kari1309,Karipuna do Amapa,extinct,wordlist or less,7,South America,BR,Portugal,,,book1242,-2.92,-52.42
kust1238,Kustenau,extinct,wordlist or less,7,South America,BR,Portugal,,1894,araw1281,-14.9,-53.15
long1417,Longjia,extinct,wordlist or less,7,Eurasia,CN,,,2013,sino1245,26.4,105.233333
mari1381,Maritime Sign Language,nearly extinct,wordlist or less,7,North America,CA,Britain/France,,,sign1238,45.0427,-63.881
meni1247,Menien,extinct,wordlist or less,7,South America,BR,Portugal,,1821,kama1371,-15.8814845,-39.0532429
mpra1235,Mpra,extinct,wordlist or less,7,Africa,GH,Britain,,1963,atla1278,8.867,-1.25
namm1235,Nam,extinct,wordlist or less,7,Eurasia,CN,,300,1000,sino1245,36.11,99.43
nape1237,Napeca,extinct,wordlist or less,7,South America,BO,Spain,1826,1970,chap1271,-15.3,-63.1
ngal1301,Ngala of Lake Chad,extinct,wordlist or less,7,Africa,NG,Britain,,1930,afro1255,12.35762,14.188038
nort2867,North Nuaulu,extinct,wordlist or less,7,Papunesia,ID,Netherlands,,2024,aust1307,-2.93154,129.277
nort1401,North Picene,extinct,wordlist or less,7,Eurasia,ES,,-600,-500,uncl1493,,
nort2756,Northern Sunraysia,extinct,wordlist or less,7,Australia,AU,Britain,1878,1886,pama1250,-34.190056,142.273631
nort3415,Northwestern Tasmanian,extinct,wordlist or less,7,Australia,AU,Britain,,1805,west1503,-40.76592,144.74362
opon1234,Opón-Carare,extinct,wordlist or less,7,South America,CO,Spain,,1950,cari1283,6.473146,-74.084846
otuk1240,Otuke,extinct,wordlist or less,7,South America,BR,Portugal,,1825,boro1281,-15.2698,-59.6986
peba1243,Peba,extinct,wordlist or less,7,South America,PE,Spain,,1800,peba1241,-3.5,-72.0
pech1242,Pecheneg,extinct,wordlist or less,7,Eurasia,RU,,860,1091,turk1311,47.393251,33.522692
quig1235,Quignam,extinct,wordlist or less,7,South America,PE,Spain,,,uncl1493,-8.099583,-79.053383
tall1235,Tallán,extinct,wordlist or less,7,South America,PE,Spain,1792,1850,,-5.330824,-80.651093
tapa1260,Tapachultec,extinct,wordlist or less,7,North America,MX,Spain,,1900,mixe1284,14.9,-92.28
tesh1239,Teshenawa,extinct,wordlist or less,7,Africa,NG,Britain,,1915,afro1255,9.64189,8.35594
uain1239,Uainuma-Mariate,extinct,wordlist or less,7,South America,CO,Spain,1820,1851,araw1281,-1.676121,-71.149307
uiri1238,Uirina,extinct,wordlist or less,7,South America,BR,Portugal,,1831,araw1281,0.487142,-64.265915
ulla1237,Ullatan,extinct,wordlist or less,7,Eurasia,IN,Britain,,1995,drav1251,9.46719,77.0906
ural1274,Urali of Idukki,extinct,wordlist or less,7,Eurasia,IN,Britain,,2005,drav1251,10.8519,76.8007
whit1266,White Lachi,extinct,wordlist or less,7,Eurasia,CN VN,France,,,taik1256,22.726,104.66
yaba1249,Yabaâna-Mainatari,extinct,wordlist or less,7,South America,BR,Portugal,1831,1867,araw1281,0.58332,-65.5
yaru1255,Yarumá,extinct,wordlist or less,7,South America,BR,Portugal,,1968,cari1283,-11.6333,-52.8
jupu1235,Yupua,extinct,wordlist or less,7,South America,CO,Spain,,1996,tuca1253,-0.5,-70.0
zari1242,Zari,extinct,wordlist or less,7,Africa,NG,Britain,,2000,afro1255,9.71269,9.40332
acro1239,Acroá,extinct,wordlist or less,8,South America,BR,Portugal,,1900,nucl1710,-12.20318,-45.08975
apol1242,Apolista,extinct,wordlist or less,8,South America,BO,Spain,,1905,araw1281,-14.83,-68.66
baca1243,Bacanese Malay,nearly extinct,wordlist or less,8,Papunesia,ID,Netherlands,,,aust1307,-0.62275,127.49
bald1241,Baldamu,extinct,wordlist or less,8,Africa,CM,France,,2015,afro1255,10.9078,14.4674
cafu1238,Cafundo,nearly extinct,wordlist or less,8,South America,BR,Portugal,,,indo1319,-23.0448,-43.6455
calu1239,Calusa,extinct,wordlist or less,8,North America,US,Britain/Spain/France,,,uncl1493,,
lush1256,Dokshi,extinct,wordlist or less,8,Africa,NG,Britain,,2005,afro1255,10.03206,9.41984
giya1234,Giya,extinct,wordlist or less,8,Australia,AU,Britain,,1887,pama1250,-20.40181798643,148.46292086792
illy1234,Illyrian,extinct,wordlist or less,8,Eurasia,AL,,,,uncl1493,43.0,18.0
karr1236,Karruwali,extinct,wordlist or less,8,Australia,AU,Britain,,1965,pama1250,-25.833018,140.026291
coro1248,Koropó,extinct,wordlist or less,8,South America,BR,Portugal,,1875,nucl1710,-21.3907,-42.716
kubi1239,Kubi,extinct,wordlist or less,8,Africa,NG,Britain,,1940,afro1255,10.6274,10.2746
mbiy1238,Mbiywom,extinct,wordlist or less,8,Australia,AU,Britain,,1965,pama1250,-12.89620501,142.2710997
nagu1244,Nagumi,extinct,wordlist or less,8,Africa,CM,France,,1985,atla1278,8.7162,13.4264
naol1234,Naolan,extinct,wordlist or less,8,North America,MX,Spain,,,uncl1493,,
pall1243,Pallanganmiddang,extinct,wordlist or less,8,Australia,AU,Britain,,1800,pama1250,-36.08,146.91
peri1250,Pericú,extinct,wordlist or less,8,North America,MX,Spain,,,uncl1493,23.316718,-109.614813
pirl1238,Pirlatapa,extinct,wordlist or less,8,Australia,AU,Britain,,1965,pama1250,-29.524,139.77
pisi1234,Pisidian,extinct,wordlist or less,8,Eurasia,TR,,50,150,indo1319,37.273,31.28
shen1251,Sheni-Ziriya,nearly extinct,wordlist or less,8,Africa,NG,Britain,,,atla1278,10.52559,8.63921
nucl1693,Tulai,extinct,wordlist or less,8,Africa,NG,Britain,,2005,afro1255,10.06673,9.28484
wira1264,Wiraféd,extinct,wordlist or less,8,South America,BR,Portugal,,1967,tupi1275,-9.30537,-59.4769
yang1288,Yangman,extinct,wordlist or less,8,Australia,AU,Britain,,1986,yang1287,-14.4964,132.52
benl1235,Ben-Lomond-Cape-Portland,extinct,wordlist or less,9,Australia,AU,Britain,,1805,nort1442,-41.326418,147.787122
bolg1250,Bolgarian,extinct,wordlist or less,9,Eurasia,RU,,622,1300,turk1311,48.671481,42.729234
gamo1241,Gamo-Ningi,extinct,wordlist or less,9,Africa,NG,Britain,,1985,atla1278,10.9346,9.24843
gudj1237,Gudjal,extinct,wordlist or less,9,Australia,AU,Britain,,1886,pama1250,-19.44157406,144.6482584
guin1258,Guinau,extinct,wordlist or less,9,South America,BR,Portugal,1837,1912,araw1281,4.797607,-64.73877
jeni1237,Jenipapo-Kanindé,extinct,wordlist or less,9,South America,BR,Portugal,,,uncl1493,,
lucu1238,Lucumi,extinct,wordlist or less,9,North America,CU,Spain,,1925,atla1278,22.9514,-82.441
lusi1235,Lusitanian,extinct,wordlist or less,9,Eurasia,ES,,-100,200,indo1319,39.943975,-8.105283
mino1236,Minoan,extinct,wordlist or less,9,Eurasia,GR,,-1800,-1450,uncl1493,35.2072,24.99936
mith1236,Mithaka,extinct,wordlist or less,9,Australia,AU,Britain,,1971,pama1250,-25.13606725,139.598447
paek1234,Paekche,extinct,wordlist or less,9,Eurasia,KR,,,,uncl1493,,
sama1295,Samatao,nearly extinct,wordlist or less,9,Eurasia,CN,,,,sino1245,25.012,102.2
tape1236,Tapeba,extinct,wordlist or less,9,South America,BR,Portugal,,,book1242,-4.99999,-40.3333
tset1236,Tsetsaut,extinct,wordlist or less,9,North America,CA,Britain/France,,1927,atha1245,55.5,-130.08
cana1260,Canari,extinct,wordlist or less,10,South America,EC,Spain,,1750,barb1265,-2.47517,-78.979054
arub1238,Caquetio,extinct,wordlist or less,10,South America,AW,,,1884,araw1281,11.28679,-69.65051
hibi1243,Hibito,extinct,wordlist or less,10,South America,PE,Spain,,1975,hibi1242,-6.58333,-77.7
iber1250,Iberian,extinct,wordlist or less,10,Eurasia,ES,,-400,100,,40.624,0.212401
kwis1235,Kwisi,extinct,wordlist or less,10,Africa,AO,Portugal,,,unat1236,,
mali1242,Malibu,extinct,wordlist or less,10,South America,CO,Spain,,,uncl1493,,
mess1244,Messapic,extinct,wordlist or less,10,Eurasia,IT,,-600,-100,indo1319,40.538334,17.860344
ngbi1238,Ngbinda-Mayeka,nearly extinct,wordlist or less,10,Africa,CD,,,,atla1278,3.27251,23.5669
obis1242,Obispeño,extinct,wordlist or less,10,North America,US,Britain/Spain/France,,1917,chum1262,35.2873,-120.669
tart1237,Tartessian,extinct,wordlist or less,10,Eurasia,PT,,-700,-500,uncl1493,37.23754,-8.12394
vazi1234,Vazimba,extinct,wordlist or less,10,Africa,MG,France,,,uncl1493,,
wurr1238,Wurrugu,extinct,wordlist or less,10,Australia,AU,Britain,1840,1950,marr1257,-11.364,132.303
wuth1237,Wuthathi,extinct,wordlist or less,10,Australia,AU,Britain,,1950,pama1250,-11.971,143.0879
xuku1239,Xukurú,extinct,wordlist or less,10,South America,BR,Portugal,,1965,,-8.6606156,-37.0869089
yuru1264,Yuru,extinct,wordlist or less,10,Australia,AU,Britain,,1965,pama1250,-19.836,147.361
guda1244,Gudang,extinct,wordlist or less,11,Australia,AU,Britain,,1965,pama1250,-10.91613599,142.5768928
kais1242,Kaishana,extinct,wordlist or less,11,South America,BR,Portugal,,2004,araw1281,-2.171598,-67.319199
lere1241,Lere,extinct,wordlist or less,11,Africa,NG,Britain,,2010,atla1278,10.4789,8.93337
ngbe1238,Ngbee,extinct,wordlist or less,11,Africa,CD,,,1965,atla1278,3.60447,27.6529
oyst1235,Oyster Bay-Big River-Little Swanport,extinct,wordlist or less,11,Australia,AU,Britain,,1805,,-42.307378,147.50061
pirr1240,Pirriya,extinct,wordlist or less,11,Australia,AU,Britain,,1969,pama1250,-25.48006595,142.5485119
port1278,Port Sorell,extinct,wordlist or less,11,Australia,AU,Britain,,1805,west1503,-41.188369,146.559906
trem1235,Tremembé,extinct,wordlist or less,11,South America,BR,Portugal,,1850,unat1236,-3.09359,-40.204
tuxa1239,Tuxá,extinct,wordlist or less,11,South America,BR,Portugal,,1965,,-8.953642,-38.2742287
yand1251,Yanda,extinct,wordlist or less,11,Australia,AU,Britain,,1965,pama1250,-21.23270508,140.5134756
camt1236,Camtho,extinct,wordlist or less,12,Africa,ZA,Netherlands,,,spee1234,-26.247,27.942
gail1235,Gail,extinct,wordlist or less,12,Africa,ZA,Netherlands,,,uncl1493,-28.77,26.895
kwan1276,Kwanja,nearly extinct,wordlist or less,12,Africa,CM,France,,,atla1278,6.30293,11.6931
lowe1436,Lower Southern Aranda,extinct,wordlist or less,12,Australia,AU,Britain,,2011,pama1250,-26.3,135.4
mand1448,Mandahuaca,extinct,wordlist or less,12,South America,BR CO VE,Portugal / Spain,,1995,araw1281,1.48,-66.52
mina1274,Minanibai-Foia Foia,nearly extinct,wordlist or less,12,Papunesia,PG,,,,anim1240,-7.61717,144.011
nort2969,San Francisco Bay Ohlone,extinct,wordlist or less,12,North America,US,Britain/Spain/France,,1800,miwo1274,37.436487,-121.827674
tyan1235,Tyanngayt-Mamngayt-Ntrwangayt-Ntrangit,extinct,wordlist or less,12,Australia,AU,Britain,,1965,pama1250,-12.544,141.984
wany1246,Wanyam,extinct,wordlist or less,12,South America,BR,Portugal,1912,1998,chap1271,-12.1,-63.1
yang1290,Yangkam,nearly extinct,wordlist or less,12,Africa,NG,Britain,,,atla1278,9.44956,10.2881
burm1262,Burma Pyu,extinct,wordlist or less,13,Eurasia,MM,Britain,100,900,sino1245,21.31928,95.897864
juri1235,Juri,extinct,wordlist or less,13,South America,CO,Spain,1853,1867,ticu1244,-1.358881,-69.984741
lure1234,Luren,extinct,wordlist or less,13,Eurasia,CN,,,1982,sino1245,27.285,105.664
raet1238,Raetic,extinct,wordlist or less,13,Eurasia,IT,,-500,-15,uncl1493,,
xakr1238,Xakriabá,extinct,wordlist or less,13,South America,BR,Portugal,,1900,nucl1710,-19.0,-47.0
yira1239,Yirandhali,extinct,wordlist or less,13,Australia,AU,Britain,,1965,pama1250,-20.65810118,143.9625916
atac1235,Atacame,extinct,wordlist or less,14,South America,EC,Spain,,1877,,0.834931,-79.778137
palm1241,Palmela,extinct,wordlist or less,14,South America,BR,Portugal,,1956,cari1283,-12.628898,-63.124168
gule1241,Gule,extinct,wordlist or less,15,Africa,SD,,,1985,,11.8336,33.6929
sech1236,Sechuran,extinct,wordlist or less,15,South America,PE,Spain,1792,1918,,-5.568969,-80.828247
sout1439,South-Eastern-Tasmanian-Hinterland,extinct,wordlist or less,15,Australia,AU,Britain,,1805,sout1293,-42.988576,146.885376
biga1237,Bigambal,extinct,wordlist or less,16,Australia,AU,Britain,,1996,pama1250,-28.266,149.515
cauc1241,Cauca,extinct,wordlist or less,16,South America,CO,Spain,,,book1242,2.09246,-75.87725
sawk1238,Sawknah-Fogaha,extinct,wordlist or less,16,Africa,LY,,,1955,afro1255,29.16,15.9742
tete1252,Tetete,extinct,wordlist or less,16,South America,EC,Spain,,1975,book1242,-0.02668,-76.5761
ngan1296,Nganyaywana,extinct,wordlist or less,17,Australia,AU,Britain,,1965,pama1250,-29.581,151.313
uamu1236,Uamué,extinct,wordlist or less,17,South America,BR,Portugal,,1965,uncl1493,-8.49999,-38.75
char1240,Charrúa,extinct,wordlist or less,18,South America,UY,Spain,,1900,char1238,-34.9,-56.16
kwad1248,Kw'adza,extinct,wordlist or less,18,Africa,TZ,Britain,,1985,afro1255,-4.00743,35.1828
oldo1234,Old Ossetic,extinct,wordlist or less,18,Eurasia,UA,,-400,500,indo1319,48.48,39.46
turi1247,Turiwára,extinct,wordlist or less,18,South America,BR,Portugal,,1985,tupi1275,-2.0,-49.5
yuru1243,Yurumanguí,extinct,wordlist or less,18,South America,CO,Spain,,1768,,3.436864,-76.522636
quil1251,Quillacinga,extinct,wordlist or less,19,South America,CO,Spain,,,uncl1493,,
teni1238,Tenino,nearly extinct,wordlist or less,19,North America,US,Britain/Spain/France,,,saha1239,44.7985,-121.44
teus1236,Teushen,extinct,wordlist or less,19,South America,AR CL,Spain,,1910,chon1288,-43.187556,-70.187989
yarl1236,Yarli,extinct,wordlist or less,19,Australia,AU,Britain,,1976,pama1250,-29.49049805,140.9591946
guya1249,Guyani,extinct,wordlist or less,20,Australia,AU,Britain,,1978,pama1250,-29.7663,137.3943
lenc1242,Lenca-Honduras,extinct,wordlist or less,20,North America,HN,Spain,,1992,lenc1239,13.667338,-87.49878
kala1379,Kalarko-Mirniny,extinct,wordlist or less,21,Australia,AU,Britain,,1965,pama1250,-31.7154,118.911
paca1246,Pacahuara,nearly extinct,wordlist or less,21,South America,BO,Spain,,,pano1259,-11.9968,-65.5568
sout2770,Southern Inland Yuin,extinct,wordlist or less,22,Australia,AU,Britain,1845,1925,pama1250,-36.30008261,148.7238073
otii1244,Oti,extinct,wordlist or less,23,South America,BR,Portugal,,1925,,-24.3153231,-50.5580261
thra1250,Thracian,extinct,wordlist or less,23,Eurasia,BG,,-500,-400,indo1319,42.115469,24.711977
cull1235,Culli,extinct,wordlist or less,24,South America,PE,Spain,1782,1979,,-7.878618,-78.116456
toro1255,Toromono,extinct,wordlist or less,24,South America,BO,Spain,,1925,pano1259,-13.3028,-67.3931
icel1248,Icelandic-Basque Pidgin,extinct,wordlist or less,25,Eurasia,IS,,,,pidg1258,65.78,-22.3
weyt1237,Weyto,extinct,wordlist or less,25,Africa,ET,,,1900,unat1236,11.94153,35.63369
pata1261,Pataxó Hã-Ha-Hãe,extinct,wordlist or less,26,South America,BR,Portugal,,1935,nucl1710,-15.9167,-40.0333
mato1253,Mato Grosso Arára,extinct,wordlist or less,27,South America,BR,Portugal,,2007,,-9.172609,-60.628867
rund1241,Rundi-Kitwa,extinct,wordlist or less,28,Africa,RW,,,1950,atla1278,-3.022268,29.485248
chon1248,Chono,extinct,wordlist or less,31,South America,CL,Spain,1609,1787,,-44.298692,-73.879395
powh1243,Powhatan,extinct,wordlist or less,31,North America,US,Britain/Spain/France,1607,1800,algi1248,36.99422,-77.20752
kari1312,Karipuna Pano,extinct,wordlist or less,32,South America,BR,Portugal,,1975,pano1259,-10.0,-65.5
pank1250,Pankararú,extinct,wordlist or less,33,South America,BR,Portugal,,1965,,-8.99999,-37.0167
pija1235,Pijao,extinct,wordlist or less,34,South America,CO,Spain,,1965,uncl1493,0.49999,-75.3333
nori1240,Noric,extinct,wordlist or less,38,Eurasia,SI,,,150,indo1319,46.419444,15.869444
tain1254,Taino,extinct,wordlist or less,38,North America,PR,Spain,,1875,araw1281,18.2836,-66.8042
yana1258,Yanacona,extinct,wordlist or less,38,South America,CO,Spain,,,uncl1493,,
numi1241,Numidian,extinct,wordlist or less,49,Africa,LY,,,-250,uncl1493,,
gugu1256,Roth's Gugu Warra,extinct,wordlist or less,57,Australia,AU,Britain,,1898,pama1250,-12.713,142.569
past1243,Pasto,extinct,wordlist or less,80,South America,EC,Spain,,,uncl1493,,
calc1235,Calchaqui,extinct,wordlist or less,87,South America,AR,Spain,,,uncl1493,-27.47483,-66.42344
