n,section_heading,gloss_as_printed,form_as_printed,form_language_label_as_printed,note
1,,a head man or respected person,Madeau,,
2,,father,Camear,,
3,,mother,Coskera,,
4,,a woman,Garri,,
5,,a child,Neoura,,
6,,a little girl,Neoura garri,,
7,,a fish,Peka,,
8,,a bird,Eboura,,
9,,a singing bird,Eboura mera,,
10,,"a dog,—and Madeau could not find any other name for any four-footed animal, the likenesses of many of which were shown to him",Chess,,
11,,thunder,Ilmere,,
12,,"lightning, light, a red colour",Oura,,
13,,the sun,Lema,,
14,,the moon,Meba,,
15,,a star,Vera,,
16,,the sky,May,,
17,,the wind,Waga,,
18,,the forehead,Mat,,
19,,nose,Peeta,,
20,,the eye,Erecap,,
21,,the head,Kerim,,
22,,the teeth,Tereé,,"final letter blurred in scan: e with acute accent, or possibly d"
23,,the mouth,Eruse,,
24,,the tongue,Eruta,,
25,,the ear,Pella,,
26,,the hair,Crimo,,
27,,the chin,Emoura,,
28,,the body,Gam,,
29,,the arm,Toga,,
30,,the hand,Tal,,
31,,the foot or leg,Tetera,,
32,,a hat or cap,Apper per Kerim,,
33,,the upper part of any thing,Top,,
34,,a shell,Isera,,
35,,a turtle,Macaise,,
36,,tortoise-shell,Kaiso,,
37,,the nautilus,Idago,,
38,,tobacco,Suga,,
39,,a fork (wooden),Klimsick,,
40,,"iron,—every sort of metal, and everything made of metal is called Turi, as they know no metal but iron",Turi,,
41,,an axe,Demorupick or Turi,,
42,,a mat,Owmis,,
43,,a rope,Lagar,,
44,,a thread,Gulli gulli lagar,,
45,,"a plate,—in reference, probably, to a piece of slate, stone, or shell, used as such",Epe,,
46,,"a pistol, all sorts of fire-arms; but they have none",Opoita,,
47,,salt,Gïode,,diaeresis on i uncertain in scan
48,,a yam,Cawka,,
49,,grease or fat,Dawdaw,,
50,,flesh,Lara,,
51,,a potato (sweet),Oragaw,,
52,,water,Ney,,
53,,drink,Wobba,,
54,,bread; probably they make yams or plantains into a sort of bread,Isimere,,
55,,a ship,Wara,,
56,,a looking-glass; probably every thing having a shining or polished surface,Peraperé,,accent over final letters unclear in scan; reading Perapere with acute on final e
57,,"a bottle; in reference, probably, to a calabash of that shape",Tarpole,,
58,,clothes; all sorts of clothing are called walli,Walli,,
59,,red cloth,Mam mam walli,,
60,,blue cloth,Gulli gulli walli,,
61,,white cloth,Caka caka walli,,
62,,more,Oukus,,
63,,plenty,Ippeouka,,
64,,"come here, or, I say",Assai,,
65,,"safe, free from danger",Powta,,
66,,a bow,Coco,,
67,,an arrow or arrows,Sarick,,
68,,the native name of the island,Mera,,
