list,n,loan,ostension,interactional,inflected,phrase,wrong_language,print_error,uncertain
boothby,84,0,4,1,8,1,0,0,2
cartier,111,0,0,0,13,12,0,0,1
chilesian,370,20,4,0,0,4,1,4,3
greenland,108,0,7,0,1,3,1,1,5
gthomas,82,3,0,0,1,25,0,1,3
knox,134,0,0,0,0,31,0,2,1
ludolf_gallan,14,1,0,0,0,1,0,0,4
pegu,56,1,1,1,0,13,1,0,3
rochefort,566,70,1,0,8,78,0,0,6
rosier,86,1,1,0,2,0,0,1,2
sami_burrough,95,10,1,0,0,5,0,0,3
scheffer,77,3,0,0,0,0,1,2,1
smith_map,76,0,0,0,1,10,0,1,2
trinidad,68,3,4,1,13,3,0,0,0
tupi_ogilby,262,2,5,0,0,1,0,4,4
vanneck,299,19,1,3,0,25,4,11,44
williams,200,0,0,0,2,179,0,1,0
wood,332,1,6,2,8,95,1,2,4
