list,n,gloss,form,category,evidence,category_2,evidence_2
greenland,96,to be glad,Tabatton,ok,"",phrase,""
trinidad,24,Munkeis in generall,Howa,ok,"",uncertain,"Lokono hau ""sloth"" (cf. Howa)"
chilesian,61,A Grandmother.,Domo-cheche,ok,"",uncertain,"Febrés: maternal grandmother 'chuchu'/'llalla', paternal 'cuca'"
greenland,75,a Dog,Pissiak,uncertain,"Kalaallisut qimmeq ""dog""",ok,""
chilesian,201,a Hen.,Achaival,ok,Mapudungun achawall 'chicken',loan,Quechua Atawallpa > Mapudungun achawall 'hen'; Schuller 'Achawal gallina'
pegu,33,what say you?,"Aw, aw",interactional,"",phrase,""
boothby,66,shooes or slippers.,Hoboqua,uncertain,-qua ending as in body-part forms; Malagasy shoe = kiraro,ok,""
sami_burrough,5,good morrowe,Teyrue,ok,"Kildin tīrv / North Saami dearvva ""hello, (be) healthy""",phrase,"Kildin tiörv ""hello"""
chilesian,112,A Ship.,Buta-wampo,ok,Mapudungun füta wampo 'big canoe',loan,"Quechua wampu 'boat, canoe'; futa 'big'"
greenland,3,yesterday,Agakwugoo,ostension,"Kalaallisut aqagu ""tomorrow"" (aqaguagu ""day after tomorrow""); yesterday = ippassaq",ok,""
chilesian,138,A Letter.,Chilca,ok,"Mapudungun chillka 'writing, letter'",loan,"Quechua qillqa 'writing, letter' > Mapudungun chillka"
sami_burrough,59,bread,Leabee,loan,"North Saami láibi ""bread"" < Finnic leipä < Germanic *hlaiba-",ok,"Kildin liejjp ""bread"" (< Finnic leipä)"
sami_burrough,52,siluer,Sellowpe,loan,"North Saami silba ""silver"" < Old Norse silfr",ok,"Kildin sɨllp ""silver"""
pegu,19,"I, I","Yu, yu",uncertain,"Mon 1sg ʔua ""I""",ok,"Mon ʔoa ""I"""
pegu,11,a Maste,Tayongabalon,wrong_language,"Malay tiang ""pole, mast"" (tiang layar/kapal)",ok,""
chilesian,202,a Cock.,Alchahawal,ok,Mapudungun alka achawall 'rooster',loan,alka 'male' + achawall (Quechua Atawallpa)
rosier,34,Fallow Deere,Coribo,loan,"Mi'kmaq qalipu ""caribou"" (> French caribou)",ok,"Mi'kmaq qalipu ""caribou"""
chilesian,268,A thousand.,Marama,ok,"",uncertain,Febrés: 'huaranca - mil' (Quechua waranqa); marama unexplained
sami_burrough,14,a nose,Nenna,uncertain,"Kildin njunn ""nose""; Finnish/Karelian nenä ""nose""",ok,"Kildin njunn' ""nose"""
chilesian,56,A Boy.,Penien,ostension,Mapudungun püñeñ 'child of a woman'; peñi 'brother',ok,""
chilesian,43,A Pebble-stone.,Quatal-cura,ostension,Mapudungun kütral 'fire' + kura 'stone' (= flint),ok,""
chilesian,71,A Mother-in-law.,Vilca,ok,"",ostension,Febrés: villca = what a woman calls her husband's sister (sister-in-law)
chilesian,221,Salt-fish.,Chadituel-chalva,ok,challwa 'fish' compound,loan,chadi 'salt' + challwa 'fish' (Quechua)
sami_burrough,39,starres,Laste,uncertain,"Kildin nāst / North Saami násti ""star""; North Saami lasta ""leaf""",ok,"Kildin tāss't ""star"""
chilesian,337,The Milt.,Vaca,ok,"",uncertain,Febrés 'Bazo - llecan'; Spanish vaca 'cow'
sami_burrough,58,a hatchet,Axshe,loan,"North Saami ákšu ""axe"" < Old Norse øx",ok,""
chilesian,156,A Gammon of Bacon.,Chuchi-chain,loan,Mapudungun kuchi 'pig' < Spanish cochino,ok,""
chilesian,106,A Bedstead.,Cawyto,ok,Mapudungun kawitu 'bed',loan,Quechua kawitu 'wooden bed' > Mapudungun kawitu 'catre'
trinidad,43,Wheat,Maurisse,ok,Lokono marisi 'maize' (< Taino mahis),ostension,"Lokono marishi ""maize"""
chilesian,158,Roast-meat.,Caucan,ok,Mapudungun kankan 'roast',loan,Quechua kankay 'to roast' > Mapudungun kankan 'roast'
sami_burrough,28,a shirt,Payte,loan,"North Saami báidi ""shirt"" < Finnic paita < Germanic *paidō",ok,"Kildin pājjt ""shirt"" (< Finnic paita)"
boothby,56,tomorrow.,Humeray,ostension,"Malagasy omaly ""yesterday""; tomorrow = rahampitso",uncertain,"Malagasy omaly ""yesterday""; tomorrow = rahampitso"
pegu,32,A Ship,Cabang,uncertain,"Malay kapal ""ship""; Mon kləŋ ""canoe, small boat""",ok,"Mon kəbaŋ ""ship"""
greenland,95,to be troubled,Aliasukton,ok,"Kalaallisut aliasuppoq ""is sad""",phrase,""
chilesian,48,Herbs.,Cahu,ok,"",loan,"Quechua q'achu 'grass, fodder' > Mapudungun kachu"
rosier,81,An Eare,Fawwucke,print_error,"Penobscot/Eastern Abenaki -tawákw ""ear""; Abenaki has no /f/",ok,""
sami_burrough,33,an oare,Ariea,loan,"North Saami áirru ""oar"" < Proto-Norse *airō",ok,""
greenland,97,bring,Ieptone,ok,"",phrase,""
pegu,44,Bite,Cle,uncertain,"Mon kluiw ""dog"" (cf. Cleá)",ostension,"Mon kluiw ""dog""; bite = kit"
trinidad,16,The toes,Dabodda,inflected,Lokono da- 1sg possessive,ostension,"Lokono bada(-ha) ""fingernail"" + da-"
chilesian,179,A wild Beast.,Wocubu,ok,"",uncertain,"Mapudungun wekufü 'evil spirit, devil'"
pegu,5,A Pen,Tobacu,loan,"Portuguese/Spanish tabaco ""tobacco""",uncertain,English/Portuguese tobacco/tabaco
greenland,72,to day,Akagoo,ostension,"Kalaallisut aqagu ""tomorrow""; today = ullumi",uncertain,"Kalaallisut aqagu ""tomorrow""; today = ullumi"
rosier,41,A foot,Musseete,inflected,"Abenaki msit ""(someone's) foot"", PA *me- + *-sit-",ok,"Penobscot msit ""a foot"""
boothby,67,an arrow.,Aqua,uncertain,-qua ending; Malagasy arrow = zana-tsipika,ok,""
chilesian,332,The Feet.,Kamon,print_error,Mapudungun namun 'foot',ok,""
trinidad,36,A sword,Casparo,loan,"Lokono kashipara 'cutlass/machete', Kalinago caspara; often derived from Spanish espada",ok,"Lokono kasipara ""cutlass"""
chilesian,18,Also.,Chemchuem,ok,"",uncertain,Mapudungun chem 'what?'; 'also' is usually kay
chilesian,93,A Servant.,Inchetaniweni,ok,"",inflected,Mapudungun inche tañi 'my' + weni 'friend/boy'
greenland,4,a Man,Petting,uncertain,"Kalaallisut angut ""man"", inuk ""person""",ok,""
greenland,101,one,Tansi,uncertain,"Kalaallisut ataaseq ""one""",ok,"Kalaallisut ataaseq ""one"""
trinidad,66,"The maner of the Indians hatling of a ship, calling it after the name of their Canoas",Babage-Canoaseen,interactional,contains canoa 'canoe' (Taino/Arawakan),phrase,""
chilesian,222,Dry'd-fish.,Anquen-chalva,ok,challwa 'fish' compound,loan,challwa 'fish' (Quechua)
chilesian,110,The Sea.,Lonquen,print_error,Mapudungun lafken 'sea' (Valdivia 1606 'lavquen'),ok,""
pegu,56,Take vp,Downang,ok,"",phrase,""
chilesian,154,Beef.,Wara-ilon,ok,"",uncertain,Spanish vaca 'cow' / Mapudungun huaca (Febrés 'Vaca - huaca'); wara- unexplained
chilesian,124,a Candle.,Catila,uncertain,Spanish candela 'candle' / candil 'lamp',loan,Spanish candela/candil 'candle/lamp'
chilesian,11,The Day before Yesterday.,Putey,phrase,"",uncertain,"Febrés: 'epuhue mo - anteayer', 'pulme - pasado mañana'"
chilesian,91,A Cap-maker.,Chumpiro-caman,loan,Mapudungun chumpiru 'hat' < Spanish sombrero; -kaman agentive,ok,""
chilesian,116,A Boat.,Wampo,ok,Mapudungun wampo 'canoe',loan,"Quechua wampu 'boat, raft' > Mapudungun wampu 'canoe'"
chilesian,29,Ice.,Pillingei,ok,"",inflected,Febrés pilintun 'helar' (to freeze); -ngey 'it is'
chilesian,9,The next Day after to Morrow.,Eppoe,phrase,Mapudungun epuwe 'day after tomorrow' (epu 'two'),uncertain,Febrés: 'epuhue mo - anteayer' (day BEFORE yesterday); epu 'two'
chilesian,6,The Evening.,Tabuyo,ok,"",ostension,"Febrés: 'Anoche, ayer tarde - thavuya'"
rosier,48,A lippe,Metoan,inflected,"PA *-to·n- ""mouth, lip"" with *me- indefinite possessor",ok,""
chilesian,3,A Week.,Toninco,ok,"",loan,Spanish domingo; Febrés: 'Semana - idem' (Spanish word used); Mapudungun domingu 'week/Sunday'
chilesian,15,In the Morning betimes.,Wantarulei,phrase,"",ok,""
chilesian,220,An Eel.,Vilochalva,ok,challwa 'fish' compound,loan,filu 'snake' + challwa 'fish' (Quechua)
chilesian,148,Darkness.,Dumingei,ok,Mapudungun dumiñ 'darkness',inflected,Mapudungun dumiñ 'darkness' + -nge-y 'it is' (Febrés dumiñgen)
trinidad,3,The forehead,Dessie,inflected,Lokono da- 1sg possessive prefix on inalienable body parts,ostension,"Lokono (i)si ""head"" + da- ""my"""
rosier,3,A fish with hornes,Manedo,uncertain,"Proto-Algonquian *manetoowa ""spirit, manitou""",ok,""
trinidad,13,The wrist,Dadena,inflected,Lokono da- 1sg possessive,ostension,"Lokono dana(-ha) ""foot/leg"" + da-"
greenland,10,a finger,Tikagga,ok,"Kalaallisut tikeq ""index finger""",inflected,"Kalaallisut tikeq ""index finger"", tikiga ""my index finger"""
rosier,35,Hogge,Madoso,uncertain,"pigs not native; cf. Abenaki madagwôs ""rabbit/hare""",ok,""
chilesian,227,A Crane.,Manco,ok,"",uncertain,Mapudungun mañke 'condor'; Febrés 'Buytre - mañque'
greenland,55,stockins,Karlein,uncertain,"Kalaallisut qarliit ""trousers""",ostension,"Kalaallisut qarlik/qarlit ""trousers"""
pegu,15,a fist,Toway,ostension,"Mon tai ""hand"" (cf. Carrow toway ""wash hands"", Botoway ""thumb"")",ok,"Mon tai ""hand"""
chilesian,155,Pork.,Chuchi-ilon,loan,Mapudungun kuchi 'pig' < Spanish cochino/coche,ok,""
sami_burrough,53,golde,Solda,loan,"Russian zoloto ""gold""; native Saami golli ""gold""",uncertain,"Kildin koall' ""gold""; cf. Russian zoloto"
chilesian,326,A Man's Genital Parts.,Penem,uncertain,Latin penem (acc. of penis),ok,""
greenland,99,which signifies,Kia mecle,print_error,"Kalaallisut kina ""who""",phrase,""
