list,n,gloss,form,category,subtype,evidence,confidence,comment,your_verdict (agree/disagree/unsure),your_note
chilesian,192,A wild Swine.,Lemo-cuchi,loan,Spanish (hybrid),Mapudungun lemu 'forest' + kuchi 'pig' < Spanish,0.55,Hybrid compound.,"",""
chilesian,167,Wine.,Vino,loan,Spanish,Spanish vino 'wine',0.9,Direct Spanish.,"",""
vanneck,178,Pinnes,Caluenetten,loan,Portuguese,Portuguese alfinete 'pin' (> Malay peniti),0.4,Caluenetten may be an alfinete reflex with Dutch plural; weak.,"",""
chilesian,91,A Cap-maker.,Chumpiro-caman,loan,Spanish (hybrid with native -kaman),Mapudungun chumpiru 'hat' < Spanish sombrero; -kaman agentive,0.55,Hybrid loan compound.,"",""
vanneck,136,a Lord,Queay,loan,Javanese,"Javanese kyai 'venerable master, lord'",0.45,Malay would be tuan; this is a Javanese title.,"",""
sami_burrough,52,siluer,Sellowpe,loan,"","North Saami silba ""silver"" < Old Norse silfr",0.55,Old Norse loan.,"",""
chilesian,101,A pair of Stairs.,Chaquana,loan,Quechua,"Quechua chakana 'ladder, crossbeam'",0.45,Andean term for ladder/stairs.,"",""
wood,182,a king,Sagamore,loan,Eastern Abenaki / northern trade jargon,"Eastern Abenaki sakəma, Mi'kmaq saqamaw 'chief'; Massachusett cognate is sachem/sontim (n=183)",0.6,"Sagamore is the northern (Abenaki) form, spread to English via the coastal trade; the local form is sachem.","",""
rochefort,77,My Son,Imakou,loan,Cariban men's register,"Kari'na (y-)muku ""child, son""",0.6,"Men's-register word of Cariban (Kalina) origin, a known register feature of Island Carib, not an error.","",""
rochefort,133,"An Enemy who goes clad, in opposition to those who go naked",Etoutou noubi,loan,Cariban (Kalina) stratum in general vocabulary,"Kari'na etoto ""enemy"" (men's word Etoutou in compound)",0.6,Cariban-origin item outside the explicitly marked men's words; Island Carib absorbed Kalina vocabulary.,"",""
gthomas,37,Wife,squa,loan,Massachusett/Eastern Algonquian via English,"Massachusett squa ""woman""; Unami òxkwëw ""woman""",0.6,"New England Algonquian word spread by English traders, not Unami.","",""
rochefort,446,A Snake,Couloubera,loan,Spanish,"Spanish culebra ""snake""",0.95,"Source says ""from the Spanish"".","",""
rochefort,529,A Mountain,Ouëbo,loan,Cariban (Kalina) stratum in general vocabulary,"Kari'na wipu ""hill, mountain""",0.55,Cariban-origin item outside the explicitly marked men's words; Island Carib absorbed Kalina vocabulary.,"",""
sami_burrough,28,a shirt,Payte,loan,"","North Saami báidi ""shirt"" < Finnic paita < Germanic *paidō",0.65,"Old loan, established in Saami.","",""
trinidad,64,Water,Bara,ostension,'sea' given for water,Lokono bara 'sea',0.65,Bara is the sea; fresh water is wuni (cf. n=49).,"",""
wood,253,to morrow,Wompoca,ostension,'morning/day' given for tomorrow,"Massachusett wompan 'dawn, daylight'; cf. Autchu wompocke 'to day' (n=13), A saw upp 'to morrow' (n=7)",0.35,Second 'tomorrow' form looks like the dawn/day word.,"",""
wood,74,the lippes,Mattone,ostension,'mouth' given for lips,Narragansett wuttone 'mouth' (Williams); Massachusett -ton 'mouth',0.55,m- indefinite possessor + -ton 'mouth'.,"",""
tupi_ogilby,125,Father's Brother.,Tutira,ostension,kin term,Old Tupi tutyra 'mother's brother' (father's brother = tuba 'father'),0.5,In Tupi classificatory kinship father's brother is called 'father'; tutyra is the maternal uncle.,"",""
rosier,13,Pease,Ushcomono,ostension,maize for peas,"Eastern Abenaki / Penobscot skámən ""corn, maize""",0.5,Introduced English peas named with the word for maize.,"",""
tupi_ogilby,124,Parents.,Tuba,ostension,kin term,Old Tupi tuba 'father',0.45,"Tuba is 'father', not 'parents'.","",""
boothby,8,a sheepe.,Gose,ostension,goat for sheep,"Malagasy osy ""goat""; sheep = ondry",0.35,"Gose may be osy ""goat"" applied to sheep.","",""
boothby,52,the thumbe.,Hoho,ostension,nail for thumb,"Malagasy hoho ""fingernail, claw""",0.55,Hoho means nail; pointing at the thumb yielded the nail word.,"",""
trinidad,21,The heauen,Weeuah,ostension,'star' given for heaven/sky,Lokono wiwa 'star',0.8,"Weeuah = wiwa 'star', not 'sky'.","",""
tupi_ogilby,93,Younger in years.,Piquiira,ostension,kin term rendered as adjective,Old Tupi kypy'yra 'younger sister (of a woman)',0.4,A sex-specific sibling term given as 'younger in years'.,"",""
wood,129,a brother,Netchaw,inflected,n- 'my',Massachusett n- 1sg possessor on kin terms (neemat 'my brother'),0.45,n- initial; stem unconfirmed.,"",""
wood,127,a father,Noeshow,inflected,n- 'my',Massachusett noohs 'my father' (n- + -ohs),0.75,Kin term with 1sg possessor.,"",""
cartier,30,the Handes,aignoascon,inflected,"body-part suffix -ascon (noun suffix + locative -kon ""on, in"")","aignoascon ""hands""; Northern Iroquoian body-part nouns are cited with locative -kon/-ke (e.g. Mohawk -ke ""on"")",0.45,"-ascon recurs on body parts, consistent with the locative ending ""on my X"" from pointing.","",""
wood,128,a mother,Nitka,inflected,n- 'my',Massachusett nokas 'my mother'; n- 1sg possessor,0.5,n- initial on dependent kin term; stem shape unusual.,"",""
cartier,27,the Knees,agochinegodascon,inflected,"body-part suffix -ascon (noun suffix + locative -kon ""on, in"")","agochinegodascon ""knees""; Mohawk -ohsin- ""leg""; Northern Iroquoian body-part nouns are cited with locative -kon/-ke (e.g. Mohawk -ke ""on"")",0.45,"-ascon recurs on body parts, consistent with the locative ending ""on my X"" from pointing.","",""
cartier,32,the Nailes,agedascon,inflected,"body-part suffix -ascon (noun suffix + locative -kon ""on, in"")","agedascon ""nails""; Northern Iroquoian body-part nouns are cited with locative -kon/-ke (e.g. Mohawk -ke ""on"")",0.45,"-ascon recurs on body parts, consistent with the locative ending ""on my X"" from pointing.","",""
trinidad,9,The tongue,Dill,inflected,da- 'my',Lokono da- 1sg possessive; tongue stem not securely matched,0.45,Initial d- likely possessive; root unclear.,"",""
trinidad,12,The palme of the hand,Dacabbo,inflected,da- 'my'; 'my hand' for palm,Lokono da-kabo 'my hand' (-kabo 'hand'),0.6,"Dacabbo = 'my hand', given for 'palm of the hand' (also a near-ostension).","",""
vanneck,157,Néere,Gyla,print_error,translator error: Dutch nar 'fool' read as 'near',"Malay gila 'mad, foolish' (near = dekat)",0.5,"Gyla is gila 'mad', fitting Dutch nar 'fool' rather than 'near'.","",""
vanneck,70,Flesh,Lalyer,print_error,translator error: Dutch vlieg 'fly' vs vlees 'flesh',"Malay lalat, eastern Malay lalar 'fly' (flesh = daging)",0.45,"Lalyer resembles the word for 'fly', not 'flesh'.","",""
knox,96,"as much as as to say, To act the Soldier.",Coraund,print_error,truncated phrase,"Sinhala karanḍa ""to do"" (= row 88); gloss refers to a phrase ""Heuwaycom coraund""",0.5,"Only the verb ""do"" was extracted for the gloss ""to act the soldier"".","",""
wood,311,16 moneths,Nappawsoquoquin appause,print_error,numeral misprinted,form = nap + paskoogun 'nine' -> 19 (between 18 and 20),0.85,Gloss printed '16' for 19.,"",""
vanneck,209,Spicerie,Oberbedyl,print_error,translator error: Dutch kruit 'gunpowder' vs kruiden 'spices',Malay obat bedil 'gunpowder' (lit. gun-medicine),0.75,The Malay means gunpowder; 'Spicerie' comes from Dutch kruit/kruiden.,"",""
gthomas,10,"I have very fat Venison, and good strong Skins, with very good Turkeys.",Nee hata orit poonk og huska horit haloons etka neskee og marchkee ochqueon.,print_error,English repeated from earlier answer,"Unami pùnk ""powder"", alunsh ""arrow, bullet""; Pidgin neskee ""black"", marchkee ""red""",0.75,"Indian text differs from row 6 (powder, bullets, black and red ...), yet the English repeats row 6 verbatim.","",""
vanneck,43,the Cough,Capello,print_error,gloss/form mismatch (head/cough confusion),"Malay kepala 'head' (or Italian cappello 'hat'); cough = batuk, which appears at row 66 'Forehead'",0.5,"Capello matches kepala 'head' while the cough word batuk is attached to 'Forehead', suggesting a Dutch hooft/hoest confusion.","",""
tupi_ogilby,64,a Cap.,Iguaba,print_error,gloss misprint 'Cap' for 'Cup',"Old Tupi y-gûaba 'drinking vessel, cup' ('y water + gûaba drinking instrument)",0.75,"","",""
trinidad,66,"The maner of the Indians hatling of a ship, calling it after the name of their Canoas",Babage-Canoaseen,interactional,hail/greeting to ship,contains canoa 'canoe' (Taino/Arawakan),0.6,"Recorded call used to hail a ship, not a noun.","",""
vanneck,95,HEe,Itowen,interactional,deictic + address term,Malay itu 'that' + tuan 'sir' (3sg = dia),0.45,'That sir' rather than the pronoun 'he'.,"",""
wood,56,I,Kean,interactional,pronoun reversal: 'you' recorded as 'I',"Massachusett ken/keen 'you (sg.)', neen 'I'; Wood himself uses kean = 'you' in n=18,19,228",0.85,Speaker answered 'you' when collector pointed to himself.,"",""
vanneck,172,to Pay,Chyny,interactional,deictic 'here',Malay sini 'here' (same form glossed 'Héere' row 98); pay = bayar,0.4,A trader's 'here!' may have been taken as 'pay'.,"",""
pegu,33,what say you?,"Aw, aw",interactional,interjection,"",0.4,"""Aw, aw"" looks like a backchannel interjection recorded as ""what say you?"".","",""
vanneck,257,Water,Eyer,wrong_language,Malay,Malay air 'water'; Javanese banyu,0.6,Malay word in the Javanese list.,"",""
wood,1,an Indian,Aberginian,wrong_language,English coinage (cf. 'Aborigines'),Wood's own ethnonym 'Aberginians'; Massachusett 'person/Indian' = wosketomp / ninnimissinnuwok,0.6,Not a Massachusett word but an English label for the people.,"",""
scheffer,20,the Eye,Silmae,wrong_language,Finnish form in Lapp column,"Finnish silmä ""eye"" vs Sami čalbmi (Scheffer's own list 3 gives Tzialme)",0.7,"Scheffer prints Finnish silmä for both columns (""the same""); the Sami word is čalbmi.","",""
greenland,37,a Woman,Kona,wrong_language,Danish,"Danish kone ""wife, woman""; Kalaallisut arnaq ""woman""",0.65,Danish word recorded from Greenlanders living in Denmark.,"",""
vanneck,224,Tongue,Ilat,wrong_language,Javanese,Javanese ilat 'tongue'; Malay lidah,0.5,"","",""
