language,glottocode,author,title,year,kind,location_as_stated,bib_page,in_glottolog
Mauritanian Arabic & Shilha,tach1250,Matra (procurer),"Vocabulary, English, Mauritanian, and Shilha, in Maghribi script, 4to",1788,manuscript,"Marsden library (Bibl. Marsdeniana 1827, MSS)",1827 p.301,no
Comorian (Johanna) & Malagasy,,,Specimens of Arabic of the islands of Johanna and Madagascar,,manuscript,"Marsden library (Bibl. Marsdeniana 1827, MSS)",1827 p.301,unclear
Sydney (Dharug),sydn1236,Dawes,"Vocabulary of the language of NSW in the neighbourhood of Sydney, Native and English, sm 8vo",1790,manuscript,"Marsden library (Bibl. Marsdeniana 1827, MSS)",1827 p.302,yes
Sydney (Dharug),sydn1236,Dawes,Grammatical forms of the language in the neighbourhood of Sydney,1790,manuscript,"Marsden library (Bibl. Marsdeniana 1827, MSS)",1827 p.302,yes
Sydney (Dharug),sydn1236,Anonymous,"Vocabulary of the language of N.S. Wales in the neighbourhood of Sydney, Native and English",,manuscript,"Marsden library (Bibl. Marsdeniana 1827, MSS)",1827 p.302,unclear
Tasmanian,tasm1247,Officers of La Recherche & L'Esperance,Short vocabularies of the language of Van Diemen's Land,1793,manuscript,"Marsden library (Bibl. Marsdeniana 1827, MSS)",1827 p.302,unclear
Asam dialects,assa1263,,"Short vocabularies of the dialects of Asam, with words in their proper characters",,manuscript,"Marsden library (Bibl. Marsdeniana 1827, MSS)",1827 p.303,unclear
Tartar languages (various),,Pallas (via C. Hatchett),Extensive vocabularies of Tartar languages collected for Catherine II's Vocabularia comparativa,1786,manuscript,"Marsden library (Bibl. Marsdeniana 1827, MSS)",1827 p.303,unclear
Ryukyuan (Okinawan),cent2126,Clifford,"Vocabulary of the language spoken in the Lieou-kieou islands, 4to",1818,manuscript,"Marsden library (Bibl. Marsdeniana 1827, MSS)",1827 p.303,yes
Arabic,,Bouyer,Lexici Syriaci Schaaf Supplementum (copy),1735,manuscript,"Marsden library (Bibl. Marsdeniana 1827, MSS)",1827 p.301,unclear
Persian,,,"Rudimenta linguae Persicae with vocabulary Latin-Portuguese-Persian, 4to",,manuscript,"Marsden library (Bibl. Marsdeniana 1827, MSS)",1827 p.306,unclear
Hindustani/Persian,,,"Vocabulary Portuguese, Hindustani and Persian, 4to",,manuscript,"Marsden library (Bibl. Marsdeniana 1827, MSS)",1827 p.306,unclear
Tagalog,taga1270,Ruiz,"Bocabulario Tagalo, 5 vols 4to",1580,manuscript,"Marsden library (Bibl. Marsdeniana 1827, MSS)",1827 p.306,no
Tagalog,taga1270,Anonymous Dominican,Arte de lengua Tagala,1730,manuscript,"Marsden library (Bibl. Marsdeniana 1827, MSS)",1827 p.306,unclear
Tagalog,taga1270,,"Arte de la lengua Tagala (second, different grammar)",,manuscript,"Marsden library (Bibl. Marsdeniana 1827, MSS)",1827 p.306,unclear
Bisaya (Hiligaynon/Cebuano),hili1240,Mentrida,"Vocabulario de la lengua Bisaya, Hiligueyna y Haraya (MS copy)",1698,manuscript,"Marsden library (Bibl. Marsdeniana 1827, MSS)",1827 p.306,no
Tahitian & Polynesian,tahi1242,Banks and others,"Vocabularies of Taheitean and other South-Sea dialects, Cook's first voyage, fol.",1769,manuscript,"Marsden library (Bibl. Marsdeniana 1827, MSS)",1827 p.306,no
Tahitian & Polynesian,tahi1242,Banks,"Vocabularies of Taheitean and other Polynesian dialects, fol.",1769,manuscript,"Marsden library (Bibl. Marsdeniana 1827, MSS)",1827 p.306,no
Tahitian,tahi1242,Banks,"Vocabulary of the language of Taheite, English and Taheitean, 8vo",1769,manuscript,"Marsden library (Bibl. Marsdeniana 1827, MSS)",1827 p.306,no
Tahitian,tahi1242,,"Alphabetical vocabulary of the language of Taheite, 4to",,manuscript,"Marsden library (Bibl. Marsdeniana 1827, MSS)",1827 p.306,unclear
Tahitian,tahi1242,,"A vocabulary, Taheitean and English, narrow fol.",,manuscript,"Marsden library (Bibl. Marsdeniana 1827, MSS)",1827 p.306,unclear
Tongan etc.,tong1325,Officers of La Recherche & L'Esperance,Vocabularies of Tongataboo and other South-sea islands,1793,manuscript,"Marsden library (Bibl. Marsdeniana 1827, MSS)",1827 p.306,unclear
Tongan,tong1325,Officer of L'Esperance,"Vocabulaire du langage parle a l'isle de Tongatabo, sm 4to",1793,manuscript,"Marsden library (Bibl. Marsdeniana 1827, MSS)",1827 p.306,unclear
Palauan,pala1344,Anonymous ('an illiterate person'),"Vocabulary of the language of the Pelew islands, with Malayan and English, 4to",,manuscript,"Marsden library (Bibl. Marsdeniana 1827, MSS)",1827 p.306,unclear
Hindustani,,,"Vocabulary Portuguese and Hindustani in Nagari, sm fol.",,manuscript,"Marsden library (Bibl. Marsdeniana 1827, MSS)",1827 p.307,unclear
Bengali,beng1280,,"Vocabulary Portuguese and Bengali, sm 4to",,manuscript,"Marsden library (Bibl. Marsdeniana 1827, MSS)",1827 p.307,unclear
Icelandic,,Van Troil,Vocabulary of the Islandic language for Banks,1772,manuscript,"Marsden library (Bibl. Marsdeniana 1827, MSS)",1827 p.307,unclear
Telugu,telu1262,,"Grammar of the Telinga language, with remarks by C. W[ilkins]",,manuscript,"Marsden library (Bibl. Marsdeniana 1827, MSS)",1827 p.308,unclear
Tamil,tami1289,Baldaeus (tr.),"English translation of Introduction to the Malabar (Tamil) language, 1672",1672,manuscript,"Marsden library (Bibl. Marsdeniana 1827, MSS)",1827 p.308,no
Konkani,goan1235,,Vocabulario da lingoa Canarim do Norte,1664,manuscript,"Marsden library (Bibl. Marsdeniana 1827, MSS)",1827 p.308,unclear
Konkani,goan1235,,Vocabulario Canarin vertido en Portuguesa,,manuscript,"Marsden library (Bibl. Marsdeniana 1827, MSS)",1827 p.308,unclear
Konkani,goan1235,,Grammatica da lingoa Bramana (Goa),,manuscript,"Marsden library (Bibl. Marsdeniana 1827, MSS)",1827 p.308,unclear
Konkani,goan1235,,Arte da lingoa Canari,,manuscript,"Marsden library (Bibl. Marsdeniana 1827, MSS)",1827 p.308,unclear
Konkani,goan1235,,Arte da lingoa Canarin; Doutrina Christam,,manuscript,"Marsden library (Bibl. Marsdeniana 1827, MSS)",1827 p.308,unclear
Malayalam,mala1464,,"Arte Malavar, grammar in Portuguese",,manuscript,"Marsden library (Bibl. Marsdeniana 1827, MSS)",1827 p.308,unclear
Burmese,nucl1310,Carpani,Alphabetum Barmanum (MS copy 1775),1775,manuscript,"Marsden library (Bibl. Marsdeniana 1827, MSS)",1827 p.302,no
Taiti,tahi1242,BOUGAINVILLE.,"P. 389-402, Vocabulaire de l'Iſle Taiti. BOUREG (Tnomas). -",1771,printed (embedded),,1796,no
Chipe,ojib1241,CARVER (J.),P. 420-40. Vocabularies of the Chipe- way and Naudoweſſie Languages.,1778,printed (embedded),,1796,no
see title,,COXE (WIILIANM).,Vol. I. P. 217-29. Specimen of the Grammar of the Greenlanders,1767,printed (embedded),,1796,unclear
King George,nuuc1236,ELLIS (WILIA).,Vol. I. P. 224-9. Vocabulary of Lan- guage of King George's Sound (N. W.,1782,printed (embedded),,1796,yes
Hottentot,nama1264,"KOLBE (PETER),",Vol. I. P. 429-35» Vocabulary of the Language of the Hottentots.,1727,printed (embedded),,1796,yes
see title,,MARSDEN (WILLIAM).,P. 168. Specimens of Languages ſpoken in Sumatra.,1784,printed (embedded),,1796,unclear
see title,,MILANES,P. 334-5. Termini Numerali della lingua MILANES (Varon).,1679,printed (embedded),,1796,unclear
see title,,PEZRON (P.),P. 235. Tables of Greek Words taken from the Celtick or Gaulih Language.,1706,printed (embedded),,1796,unclear
see title,,PEZRON (P.),P. 262. Table of Latin Words from ditto.,1706,printed (embedded),,1796,unclear
see title,,PURCHAS (SAMUEL).,Vol. IV. P. 1237. Specimen of the Language of the Petiwares of Braſil.,1625,printed (embedded),,1796,unclear
Virginia,powh1243,PURCHAS (SAMUEL).,P. 1667. Words of the Language of the Natives of Virginia.,1625,printed (embedded),,1796,no
see title,,SCOBAR (L. CHRISTOPH.),"T Zlii Antonii Nebriſſenſis Vocabularium Latino- Hiſpanicum, in ſermonem Sicili-",1622,printed (embedded),,1796,unclear
see title,,VALLANCEY (CHARLES).,Plate II. Numerical characters from various Authors collated with the 7ri/h.,1781,printed (embedded),,1796,unclear
see title,,ANONYMOUS WORKS.,"The Indian Vocabulary, (wick Forms of Impeachment). London, 1788, 8“.",1786,printed (embedded),,1796,unclear
see title,,ANONYMOUS WORKS.,P. 166. Specimens of the S_—_—_— of _ Bornou and of Caſina.,1790,printed (embedded),,1796,unclear
see title,,AMERICAN.,VYocabulayio manual de las 1 Caſtellana y Mexicana. Pedro de Arenas.,1609,printed (embedded),,1796,unclear
see title,,CLT IC.,"Vocabulary of the Original Languages of Britain and Ireland, &c. An eſſay",1703,printed (embedded),,1796,unclear
see title,,ETHIOPIC.,"Vocabula Latina, cum Suetica & Finno- nica interpretatione. Holmiæ, 1664, 8%.",1619,printed (embedded),,1796,unclear
see title,,HOTTENTOT.,"Travels in Switzerland. Vocabulary of * Grammatica, Vocabolario, & Poeſie the Romanſh of Upper Engadins.",1780,printed (embedded),,1796,unclear
see title,,"MALA VAN, FAVAN, PHILIPPINE, MADAGASCAR.","Vocab. of Javaneſe Language. Corn. van Heemſtert. Amſterdam, 3603,",1609,printed (embedded),,1796,unclear
Taiti,tahi1242,"MALA VAN, FAVAN, PHILIPPINE, MADAGASCAR.","Voyage autour du monde. Vocabulaire Obſervations made during a Voyage de Vifle Taiti. M. de Bougainville. Round the World, A Comparative",1790,printed (embedded),,1796,no
see title,,"MALA VAN, FAVAN, PHILIPPINE, MADAGASCAR.","Vocabularies of the Languages of Ota. James King: London, 1784, 4"". 3 vols. . heite, N. Zealand, N. Holland, &c.",1784,printed (embedded),,1796,unclear
see title,,SLAVONIAN,"Vocabulary. as. Vienna, 1772, 80.",1769,printed (embedded),,1796,unclear
see title,,SINGALESE.,Vocabulary of the Language of the Koriaks (by G. F. Müller). Geo.,1773,printed (embedded),,1796,unclear
see title,,SINGALESE.,V. II. Numeralia Kalmuckica collata cum Ziranicis in Permia. Numeralia,1775,printed (embedded),,1796,unclear
