ia,n_forms,per_100k,control,date,title,forms
iaiiiapartedelos01torq,35,6.2,False,1615,Ia [-IIIa] parte de los Veynte y vn libros rituales y monarchia yndiana : con el origen y guerras de,dellabra tecontli calpules caetli morlet moceloquichtli tenaiu chiconquauh huetzin tenanca tenancacaltzin macarla sueis millato tepolomichin pidig quentzin xochique almor pantzin totonacapan coiame aeltesucedio tenitztli macuilacatlan tenuch miniso cepoales nochele deurdaneta cocapo papasquiaro narito pexerreies esseado
voyagestravellso00olea,31,5.7,True,,,gnerii suacha sasierim kutia suchari ceremisses sarok sandates kaharua naksi derbende scamma douulet kerenei kabach cahuua paschach usurers consirt seskeichan kahatou adint gasalean deshader gorgolettes arunatt eskem norrimonesi tirmi ruang lutim
iaiiiapartedelos02torq,24,5.5,False,1615,Ia [-IIIa] parte de los Veynte y vn libros rituales y monarchia yndiana : con el origen y guerras de,sacauanlos rodeanan chalchibuitl bulcana ninditi denino coatlicue bulcano cittu tochinco atempan prelidia besebel tontli teteninan tentleco trezeno tecuil uisesto eurisaes chinampas tentetl abalos tecomachaca
historiagenerald25prvo,23,12.6,False,1763,"Historia general de los viages, ó nueva coleccion de todas las relaciones de los que se has hecho po",pequetinga buadas coupiribo pianiteo pareiba pecissa tourous cotioua mounin ubitre caschou manzar pompelmous morquito occopa catuma uuanuretona macaouini mogunan elocuente sesperado greenpring ionet
orbeseraficonovo00jabo,23,7.9,False,1761,"Orbe serafico novo brasilico, descoberto, estabelecido, e cultivado a influxos da nova luz de Italia",araerico bapique caiete paiagua nhiteroi sernambituba acceitou proitroli quesallaua goaiana capibaribe lauradas cabacos piratiba esereue graopard desagoa arellana manguaba reciise campomaior estrelli arraiaes
relationsdediver00thve,22,3.0,False,1664,"Relations de divers voyages curieux, qui n'ont point esté publiees; : ov qvi ont esté traduites d'Ha",percopites calmaccasort sariach singis laora parcces excremitez loncques houragan dadra ziarie maslerout delangousse bassesde quesonuisage socuir strout autremen changsuna cteuses couracas paillaco
vidadovenerauelp00vasc,21,10.1,False,1672,"Vida do venerauel padre Ioseph de Anchieta da Companhia de Iesu, taumaturgo do Nouo Mundo, na prouin",igacaba sentiliimo aimbire quesam beritioga tainha pinheiros nauilla marinho achoii acharam cogua outomezes noespiriro hasio ibirapuera distriao ritioga poiios rinamonteira taumatur
coronicadelasind00fern,21,8.0,False,1547,Coronica delas Indias. La hystoria general de las Indias agora nueuamente impressa corregida y emend,cruiero ietara contrama ginio sottunadas alsedo bouadi pecare sciguero guiabara isaguer iupencs becerrillo noesiaua lunocauauero illonson sanebes anituio bacagua caobaii sruata
lesvoyagesfameux00lebl_0,20,9.1,False,1649,"Les voyages fameux du sieur Vincent Le Blanc Marseillois, qu'il a faits depuis l'aage de douze ans i",uecharm ladaponte goutta maguire crisorant macaraou siammon columai butgara monastercs bachouro digait almatna chelanc casamar bartamari choignos capade dractrouua seresiouislent
teatromexicanode01veta,18,8.9,False,1697,"Teatro mexicano : descripcion breve de los sucessos exemplares, historicos, politicos, militares, y ",nantli ochilt cuiacan centla uerhasi molcageres guiduias iolcat dionte acoialti ilaliuilitocan prostie empesaba emperabaii lacla topileio cortelen gastislai
historiagenerald07prvo,17,8.8,False,1763,"Historia general de los viages, ó nueva coleccion de todas las relaciones de los que se has hecho po",quistillas metamba poesana sambian saskela tauila discante karra embotta peletunier mosuma pakases manghi norhan sennales maghico manika
historiagenerald00vega,17,4.0,False,1617,"Historia general del Peru trata el descubrimiento del, y como lo ganaron los Españoles. : Las guerr",traenen espanolesu taciba amboca arecoger estemple choquehuaman ganandole brauuo iladan guillada euecon guiliada eruias tellode dossoidados menacho
historiagenerald16prvo,17,8.8,False,1763,"Historia general de los viages, ó nueva coleccion de todas las relaciones de los que se has hecho po",sapens cesing meramalinud laigola bodick iambou adine balloua paterkisera saingour goupaldas carnasarsou choupar mongher donapour iatrapour pangalu
historiachronolo02jern,17,5.2,False,1789,"Historia chronologica da esclarecida ordem da SS. Trindade, redempção de cativos, da provincia de Po",debenamarim alanoel mariaide matheos deprosundis iudiatia papasigo damiana gaheiras truximan paitabarros chriila desolara barbeiro naseimento bitimel dulose
lahistoriagenera00fern,17,7.8,False,1535,La historia general delas Indias,marigalente puana escopetarique boniama aruma ibutia rirenes santiuan bartolomede daguao contramaes epailauos roiserenciada susruta hacagua aucuba caoban
historiagenerald03prvo,17,7.2,False,1763,"Historia general de los viages, ó nueva coleccion de todas las relaciones de los que se has hecho po",atrici compuella larotaua extraordiaaria topacio uurita uintain trancia berbena partieiido unentes mariinre sormusa biasaras matauormoia uailcques gemotta
histoiregnralede16prvo_0,16,2.8,False,1746,"Histoire générale des voyages, ou nouvelle collection de toutes les relations de voyages par mer et ",benneuiste porgas makaque changchuen taeledes chitsu charapeti dartel salcam corroltolier corcouados nagarkanai ossons seredere guaiaue kampaen
recueildediversv00unse,16,9.7,False,1674,"Recueil de divers voyages faits en Afrique et en l'Amerique, qui n'on t point esté encore publiez; ",calipi hauteporte damotes macomeira trasalim lanha dambee tauusoss bardambee tancoas granhe aleba alakri ouachi cassaderbread iaimessort
dienievvevveerel00unkn,16,2.7,False,1563,"Die nievve vveerelt der landtschappen ende eylanden, : die tot hier toe allen ouden weerelt bescriju",moriach paglo nieser berchachtich inuuooners chebi inuuoons quincuri hibuero andelatadus mesuer uuooners pardies arachea meircatten handtschepen
dewonderlijckeen00zrat,16,9.2,False,1563,"De wonderlijcke ende warachtighe historie vant coninckrijck van Peru, : geleghen in Indien, inde wel",maostrippe saruas bestahelena tgheberchte uungas chimocappa tleuentich garrantca sarasion carabapa galthalar nuuez merted souuernement licentiaet srantisca
historiadelascos00gonz,14,10.1,False,1585,"Historia de las cosas mas notables, ritos y costumbres, del gran reyno dela china, : sabidas assi po",icham uinco trouincias huntei trege diegi tantei linthei gautin anguin sebasia delosqual magantos girasoles
historianaturaly00acos,14,7.8,False,1608,"Historia natural y moral de las Indias, : en que se tratan las cosas notables del cielo, y elementos",allisupe coquiilos atiera machacoai eitraiias qualexcedia laiamasonas hondissimoien eslemodode otaas toroncos imorai cussiliniiai lleuaroncon
historianaturaly00acos_1,14,8.1,False,1591,"Historia natural y moral de las Indias. : En que se tratan las cosas notables del cielo, y elementos",antistona tiincia orientas hillai iosrecianlas debarlouento pacarit ianon meacuerdomal castsua angoan souescosa coiarai iciert
recueildediversv00unkn_0,14,8.5,False,1684,"Recueil de divers voyages faits en Afrique et en l'Amerique, qui n'on t point esté encore publiez; :",picanini damotes macomeira trasulim lanha bardambee tancoas granhe aleba aiakri ouachi chereras cassaderbread iaimessort
elmaranonyamazon00rodr,14,5.0,False,1684,"El Marañon, y Amazonas. : Historia de los descubrimientos, entradas, y reduccion de naciones. Traba",lassaldas hadias paranamiri rroicon aqueliosindios delcendiente pabia cagaue ranosi iumaguarissque cuchigua sincholagua corino curideos
recueildediversv00unkn,13,7.8,False,1674,"Recueil de divers voyages faits en Afrique et en l'Amerique, qui n'on t point esté encore publiez; :",picanini hauteporte damotes macomeira trasulim lanha dambec bardambee tancoas granhe aleba cassaderbread iaimessort
newcollectionofv02unse,13,4.9,False,1711,"A new collection of voyages and travels, into several parts of the world, none of them ever before p",holcait plantsos surtatas sasdecas couscousou ubira rouda ameheri cotimo raska porsugueses quilambes angondu
historiagenerald13prvo,13,6.3,False,1763,"Historia general de los viages, ó nueva coleccion de todas las relaciones de los que se has hecho po",hongi patuan consaiuo tousoutou dongiel amisloort uelsen batoupoan slesingues arentz nellia menlases democuio
royalcommentarie00vega_0,13,1.8,False,1688,"The royal commentaries of Peru, in two parts. : The first part. Treating of the original of their In",saspar punchau uasea ullaca sashio cancu chargui goards huanacullama chaparro ucucha caquitau chipana
relaamannaldas00guer,13,9.7,False,1605,"Relaçam annal das cousas que fezeram os padres da Companhia de Iesus nas partes da India Oriental, &",dogicos buuendon iccundono iemonno rgendono canderra snaturaes metarouba tubaratum brucallo iarera guinaia cocolins
royalcommentarie00vega_1,13,1.8,False,1688,"The royal commentaries of Peru, in two parts. : The first part. Treating of the original of their In",saspar punchan ullaca sashio cantut chargui cancu goards huasacullama chaparro ucucha asaita caquitan
naturallmoralhis00acos,13,6.9,False,1604,The naturall and moral historie of the East and West Indies. : intreating of the remarkeable things ,briies chamito manerossishing theuertueand uuashings hanaca cornering ihaued uilcaronca ippuros sucunga siracocha marcsuisite
relationsdediver00thve_0,12,2.4,False,1664,"Relations de divers voyages curieux, qui n'ont point esté publiees; : ov qvi ont esté traduites d'Ha",percopites calmaccasort ardock sariach bingis houragan dadra despiceric masierout genepites socuir leaottum
gulielmipisonism00piso,12,5.2,False,1658,"Gulielmi Pisonis medici Amstelædamensis De Indiæ utriusque re naturali et medica libri quatuordecim,",pruriens mustellas seseentis deleteria prasceps urucapi curupirara maruapoanti cochaingo distribuuntin attadu haustulo
historiachronolo01jern,12,3.4,False,1789,"Historia chronologica da esclarecida ordem da SS. Trindade, redempção de cativos, da provincia de Po",iunqueira centuriao bogio monsadal alemao solimao tuniquete corduualli uilhalon roduao trocisal deicanco
relationsveritab00unkn,12,8.0,False,1651,"Relations veritables et curieuses de l'isle de Madagascar, et du Bresil. : Auec l'histoire de la der",louies ambouc anchesillabe lambesi lallaits malaime deplan barrolles dochala sadaruad mailtrepar saisoitsa
historianaturaly00acos_2,11,5.9,False,1590,"Historia natural y moral delas Indias, : en que se tratan las cosas notables del cielo, y elementos,",tieneesta dozientasi esmeramas tehalla ouento capailas toroncos machai tiitimas cussilimai quallleuaron
historienaturael00acos_0,11,5.3,False,1624,Historie naturael en morael van de Westersche Indien. : Waer inne ghehandelt wort van de merckelijck,tuuelcke uuistogten iandiaensche henricke oppobalsamum uochters quauxicalli uuierom tinsuio uuelrieckent altenigel
nouusorbisregion00hutt,11,4.4,False,1532,"Nouus orbis regionum ac insularum ueteribus incognitarum,",sancstas emitrit consitunl commearus iuinc diuiiione canidu soracet ntersed muenirenraquas chribi
iaiiiapartedelos03torq,11,2.2,False,1615,Ia [-IIIa] parte de los Veynte y vn libros rituales y monarchia yndiana : con el origen y guerras de,debenauuente nonigo desleana concibiesle sracisto nuncalos gocalez huitzi huehuetoca seescapo atoto
parteprimeradela00ciez,11,8.6,False,1553,Parte primera dela chronica del Peru. : Que tracta la demarcacion de sus prouincias: la descripcion ,trutibara namira alpat rieba agualetas tuinuai inguragua catama tabiel tirina naguana
histoiregnralede18prvo_0,11,3.3,False,1746,"Histoire générale des voyages, ou nouvelle collection de toutes les relations de voyages par mer et ",hialege schascluna taulga tumak kulakouua reuuna balachnia uuoroninad bikouuskaia rouisii iamangesek
histoiregnralede04prvo_0,11,2.9,False,1746,"Histoire générale des voyages, ou nouvelle collection de toutes les relations de voyages par mer et ",paenou boisum chinka quibesh negte paisador uiadors iingado backebeukes enganga tauila
worldsurveyedorf00lebl_0,11,5.3,False,1660,"The world surveyed: or, The famous voyages & travailes of Vincent le Blanc, or White, of Marseilles:",gouera petata abagarindas licadona digali alicassiz bebesor thelesler tanaps caraibalan pachougui
diariodaviagemqu00samp,10,23.8,False,1825,"Diario da viagem que em visita, e correição das povoações da Capitania de S. Joze do Rio Negro fez o",uraia taiacutiba paricati tacamiaba commuramente camadu maquiras cartelhana tapioca sigado
histoirenaturell00acos,10,5.3,False,1617,"Histoire naturelle et morale des Indes, tant Orientales, qu'Occidentales. : où il est traicté des ch",esunslariuiere tomah relaue batlouente portesleur uiilacuri chacuai ossroiet ottoiala eileu
cartasedificante06jesu,10,8.8,False,1753,"Cartas edificantes, y curiosas, : escritas de las missiones estrangeras, por algunos missioneros de ",aheulouaise damieta abareke buekas namante oradigouttia kiabi gabes mecarrar musasi
historianaturali00piso,10,5.5,False,1648,"Historia naturalis Brasiliae, : auspicio et beneficio illustriss. I. Mauritii Com. Nassau ... adorna",tinettetsi deterracauada minguipitinga uipuba toatsen aquilie patigua urucapi curupirara cochaingo
historiagenerald26prvo,10,5.6,False,1763,"Historia general de los viages, ó nueva coleccion de todas las relaciones de los que se has hecho po",cambage briart turnel chassipi eustaquio prornetia cascouchiagon baioul hedabouctou strobo
origendelosindio00garc,10,7.4,False,1607,"Origen de los Indios de el Nueuo Mundo, e Indias Occidentales.",barlonento aclan samatras ambocas tabim casitodo uinidel alapolga guaninos cuilapa
histoiredugrandr00gonz,10,5.3,False,1588,"Histoire du grand royaume de la Chine, situé aux Indes Orientales, : diuisée en deux parties: conten",sutei chiensinsam panson teiencom ocheu tricon huntei authei ianthei meurans
newcollectionofv01unse,10,2.8,False,1711,"A new collection of voyages and travels, into several parts of the world, none of them ever before p",crizes iuncks ledon gabras bluesish arracise aicoteas mazanas chaguuiai timbasi
derwunderwrdigej00ross_0,10,2.8,False,1701,"Der wunderwürdige Juden- und Heiden-Tempel, : darinn derselben Gottes- und Götzen-Dinst, eröffnet un",ethatte consutius eingesegt uualche decemuiri uelliendo zonsus muuollen uueisesame berandern
cartasedificante08jesu,10,8.1,False,1753,"Cartas edificantes, y curiosas, : escritas de las missiones estrangeras, por algunos missioneros de ",tamules chambelan eiteuan espauo teoutou uaiarou tirtam taiouansou takiang hubouani
historicarelacio00oval_0,9,2.7,False,1646,"Historica relacion del reyno de Chile, y de las missiones, y ministerios que exercita en el la Compa",rabudos chriltalino qualdiuidido cochaiuio pinguedas cielas gaiumari quetobileun damuchas
nouusorbisregion00hutt_1,9,3.6,False,1532,"Nouus orbis regionum ac insularum ueteribus incognitarum,",latusde pannt inuenstur xxuit maiorlacus soracet snuenirent chualens precopensem
historiagenerald04prvo,9,4.4,False,1763,"Historia general de los viages, ó nueva coleccion de todas las relaciones de los que se has hecho po",sinabama buscherins sanara tamarindusc uastaques kolante nonete gochino tannos
histoirenaturell00acos_2,9,4.7,False,1616,"Histoire naturelle et morale des Indes, tant Orientales, qu'Occidentales; : où il est traicté des ch",opposl lenordest salcepareille crislalmi portesleur guaiaquisi cotnermas ossroiet ottoiala
historicarelatio00oval_0,9,2.7,False,1646,"Historica relatione del regno di Cile, : e delle missioni, e ministerij che esercita in quelle la Co",querso rabudos qualdiuidido gochaiuio pinguedas giguaiacansie quetobileun decace curanderas
histoiregnralede10prvo_0,9,2.2,False,1746,"Histoire générale des voyages, ou nouvelle collection de toutes les relations de voyages par mer et ",alparcas teimour chorrom enpaiens maperle patignog manputon suouas loreiller
monarchiahispani00zeil,9,7.2,False,1659,"Monarchia Hispanica ofte Een reys-beschryvinge, aller koninckrijken, vorstendommen, landen ende sted",seueniarighe uersorghen ielesen albambra tainiabon cinalca ualeie uiistigh uerstandigh
nouveauvoyageaux00laba,9,2.7,False,1724,"Nouveau voyage aux isles de l'Amerique. : Contenant l'histoire naturelle de ces pays, l'origine, les",mignac cancaner iancine taupinambours pasiase seracue dorepres lacomas diitillatoire
beschrijvingevan00caro,9,23.8,False,1649,"Beschrijvinge van het machtigh koninckrijcke Japan, : vervattende den aert en eygenschappen van 't l",teeest satnois doiiiira noraiiiiba lesimassamme sandame couboiamma machrigh suniagouuu
cartasedificante13jesu,9,7.7,False,1753,"Cartas edificantes, y curiosas, : escritas de las missiones estrangeras, por algunos missioneros de ",inslamiento samauseroutam posado tuenmingiuen tchingiste roialia balamma nranisesto cumaruma
historyofcaribby00roch,9,5.2,True,,,lessitons cariouus akamboue adatoutou caisaua theislands uueaud manssennis besurnished
voyagedefranoisp00pyra,8,3.2,False,1619,"Voyage de François Pyrard, de Laual. : Contenant sa navigation aux Indes orientales, Maldiues, Moluq",namande karueri saroui mouiie menates sougons acoubar cattaruue
histoirenaturell00acos_3,8,4.2,False,1606,"Histoire naturelle et moralle des Indes, tant Orientalles qu'Occidentales. : où il est traitté des c",iaidee tomahani gregual prouincedes relaue ualleede iortesleur hanasea
nouveauvoyageaux02laba,8,8.3,False,1742,"Nouveau voyage aux isles de l'Amerique, : contenant l'histoire naturelle de ces pays, l'origine, les",pisquet pienc mignac embeli cancaner pisqueu balancine bordenaue
historiadelaconq00vill,8,2.7,False,1701,"Historia de la conquista de la provincia de el Itza, : reduccion, y progressos de la de el Lacandon,",quedaronie ahicha maitol pachen canek nochiha cahcanck tambiencanck
histoiredelanouv00lesc_3,8,3.9,False,1609,"Histoire de la Nouvelle France : contenant les navigations, découvertes, & habitations faites par le",moloma serropes ilert lestross lepors sabiolanus pellug scipions
iournaelvandenas00unkn_1,8,20.6,False,1648,"Iournael vande Nassausche vloot, : ofte beschrijvingh van de voyagie om den gantschen aert-kloot, ge",madriga marceilo pedrobaer lasaro melocotoi donsiai ninlen iiieberlant
cartasedificante07jesu,8,6.2,False,1753,"Cartas edificantes, y curiosas, : escritas de las missiones estrangeras, por algunos missioneros de ",oueies filipinos mcrieres acues basura capoco espanon ariii
histoirenaturell00acos_1,8,4.2,False,1600,"Histoire naturelle et moralle des Indes, tant Orientalles qu'Occidentalles : où, il est traicté des ",tomahani omaruio hendeque relaue iallee liaehe barloucnce resorina
histoiredugrandr00gonz_0,8,4.4,False,1589,"Histoire du grand royaume de la Chine, situé aux Indes Orientales, : diuisée en deux parties. conten",panson teiencom authei sonrei siomon anchiu leurlague estree
historiagenerald05prvo,8,3.7,False,1763,"Historia general de los viages, ó nueva coleccion de todas las relaciones de los que se has hecho po",burnamon leleatterenna lelese taiio magualbari turro akora pignena
cartasedificante04jesu,8,7.1,False,1753,"Cartas edificantes, y curiosas, : escritas de las missiones estrangeras, por algunos missioneros de ",mariua chacus sanguian arasaruth charud isauarabat nahiret alepines
iohnhuighenvanli00lins_0,8,2.0,False,1598,Iohn Huighen van Linschoten. His discours of voyages into ye Easte & West Indies. : Deuided into fou,cazaces souldsers alparcas sinelling bettelle aielcke inilatine totinge
navigatioacitine00lins,8,5.9,False,1599,Navigatio ac itinerarium Iohannis Hugonis Linscotani in Orientalem sive Lusitanorum Indiam. : Descri,abiisinorum uuerum asllant pampanum sruilu bettelle paluere illiterre
historiagenerald06prvo,8,3.8,False,1763,"Historia general de los viages, ó nueva coleccion de todas las relaciones de los que se has hecho po",uassianam centipes corango tuaia dolmas gaianlas chaueponso kaschill
nuevarelacionque00gage_0,8,10.8,False,1838,"Nueva relacion que contiene los viages de Tomas Gage en la Nueva España, : sus diversas aventuras, y",chahals cabata acarabastlan tremesino amatitlan ampichi uapan laisield
nouusorbisregion00hutt_0,8,3.2,False,1532,"Nouus orbis regionum ac insularum ueteribus incognitarum,",conlitum miltaria palaistina partibusillis quibuslac soracet chualens precopensem
lesvoyagesfameux00lebl,8,3.6,False,1658,"Les voyages fameux du sieur Vincent Le Blanc Marseillois, qu'il a faits depuis l'aage de douze ans i",macaraou soleip aubres icadona almatria chibik heune cbeignos
nieuvvevvereltan00herr_0,8,11.5,False,1622,"Nieuvve VVerelt, anders ghenaempt VVest-Indien",camarco boiqui tasuenio tachten meeckende tirete talamgame mechelen
descripcionexact00cisn,8,42.3,False,1764,"Descripcion exacta de la provincia de Benezuela,",chiguicres baquiras chichixiuichi iugure pinques samuro terecas ensilada
ellibrodelascost00boem,8,5.1,False,1556,"El libro de las costumbres de todas las gentes del mundo, y de las Indias.",horrauan uulcanes escuridad aiemana macrobios paranaguaza laulteriori mahobar
mapofvirginiavvi00smit,8,18.2,True,,,saminnes thotherseedeth grouts ahamen ingling pemmenauu uuighsacan uuerorpances
ddionnisdesolorz02solr,7,0.8,False,1672,"D.D. Ionnis de Solorzano Pereira, I.V.D. ... De Indiarum iure. siue De iusta Indiarum Occidentalium ",saldrique iniuncta maledicos uatsallis bernationis prosinciis proregibus
relaamannaldas01guer,7,6.1,False,1609,"Relaçam annal das cousas que fezeram os padres da Companhia de Iesus nas partes da India Oriental, &",sangazamon custumao moridono sriuados pimen sanha cauaratiua
nauwkeurigebesch00bosm_1,7,3.7,False,1704,"Nauwkeurige beschryving van de Guinese Goud- Tand- en Slave-kust, : nevens alle desselfs landen, kon",portugeesen anansee stinoc arebo lamare landuuaerds adouuu
voyagehistorique01ullo,7,2.8,False,1752,Voyage historique de l'Amerique meridionale : fait par ordre du roi d'Espagne,torumos palomita seutiles mambi amannarse bannos sambeli
nouusorbisregion00unkn_0,7,2.1,False,1555,"Nouus orbis regionum ac insularum veteribus incognitarum, una cum tabula cosmographica, & aliquot al",ludenim densiisimis inuchitur chualens appeliati precopensem cecatami
historianaturaly00acos_0,7,3.6,False,1792,"Historia natural y moral de las Indias, : en que se tratan las cosas notables del cielo, elementos .",cazabe angoan tanaconuno otoroncos adoraronos urcuchi cusili
cartasedificante15jesu,7,5.6,False,1753,"Cartas edificantes, y curiosas, : escritas de las missiones estrangeras, por algunos missioneros de ",omequeturique oquipau numani quiara uortangui paramatma coneila
iournaelvandenas00unse,7,17.0,False,1648,"Iournael vande Nassausche vloot, : ofte beschrijvingh van de voyagie om den gantschen aert-kloot, ge",madriga candade laiaro dierasho auguitiinde suuarr atatoori
dekleynewonderli00joos,7,20.0,False,1649,"De kleyne wonderlijcke werelt, : bestaende in dese keyserrijken, coningrijken en landen, als Turckye",cutchen sadiat taluenio ctona aratte tabsiin cliaboi
endamuschronicon00sich,7,4.8,False,1529,"En damus chronicon divinum : plane opus eruditissimorum autorum, repetitum ab ipso mundi initio, ad ",theniensibus athelensis profetauerunt hierosolimo ricimercu nareton ualentinuscu
histoiregnralede12prvo_0,6,1.5,False,1746,"Histoire générale des voyages, ou nouvelle collection de toutes les relations de voyages par mer et ",gorunacions chiriqui mechasuchil sapotille tecomates monlirueux
historiagenerald14prvo,6,3.0,False,1763,"Historia general de los viages, ó nueva coleccion de todas las relaciones de los que se has hecho po",tholanhare manangue epinau manghouron lambei ongli
voyagelapartieor03pons,6,8.0,False,1806,"Voyage à la partie orientale de la Terre-Ferme, dans l'Amérique Méridionale, fait pendant les années",goaire capure paragoans guaritica chacarandai lauandera
wonderlijckevoya00noor_0,6,20.4,False,1652,"Wonderlijcke voyagie, by de Hollanders ghedaen, door de Strate Magalanes, ende voorts den gantschen ",trimenen bertoesen icaisa caieuuai iamaita boluton
hansstadenvanhom00stad_1,6,14.6,False,1734,"Hans Staden van Homborgs Beschryvinge van America, : wiens inwoonders wildt, naekt, seer godloos, en",itoning ictalie oleben sileren rancopsen utoara
historiagenerald01prvo,6,2.8,False,1763,"Historia general de los viages, ó nueva coleccion de todas las relaciones de los que se has hecho po",cobio uitimati alemas uaratata desourcs uurigth
histoirenaturell00acos_0,6,3.1,False,1598,"Histoire naturelle et moralle des Indes, tant Orientalles qu'Occidentalles. Où il est traicté des ch",salcepareille destaii duuenin henricque damador soeilles
voyagehistorique02ullo,6,2.5,False,1752,Voyage historique de l'Amerique meridionale : fait par ordre du roi d'Espagne,quebrantabuel chimba oseria maisonlorte iacumama rabiabercado
historienaturael00acos,6,3.1,False,1624,Historie naturael en morael van de Westersche Indien. : Waer inne ghehandelt wort van de merckelijck,oppobalsamum uochters hachalmua uueirteckent cussilimai meleken
hansstadenvanhom00stad,6,16.9,False,1634,"Hans Staden van Homborgs beschrijvinghe van America, wiens inwoonders, wildt, naeckt, seer godloos, ",saucte hertent legherden uuilhem antopsen urithan
historiadeldescu00zrat,6,4.6,False,1578,"Historia del descubrimiento y conquista de las prouincias del Peru, : y de los successos que en ella",cuitilla longando garara liribamba donera deleiron
orientalischeind00theo,6,1.0,False,1628,"Orientalische Indien. Das ist, Aussführliche, vnd volkommene historische, vnd geographische Beschrei",biamba paroquiten goemain arecka brochado gethe
historiagenerald02prvo,6,2.6,False,1763,"Historia general de los viages, ó nueva coleccion de todas las relaciones de los que se has hecho po",petoug caulker concciendo cancolas sasai chocoen
histoiregnralede09prvo_0,6,1.6,False,1746,"Histoire générale des voyages, ou nouvelle collection de toutes les relations de voyages par mer et ",chaberis calambouc tcheampion intrauracha toncoe angicamoi
lecommentaireroy00vega,6,3.6,False,1633,"Le commentaire royal, ov L'histoire des Yncas, roys dv Perv; contenant leur origine, depuis le premi",apuuii leurestoiten muuti huacachaca asaguei legumesdeleur
historiaeclesias00fern,6,2.8,False,1611,"Historia eclesiastica de nuestros tiempos, : que es compendio de los excelentes frutos que en ellos ",dionisto turua aquazain molungo sraucilco carolicos
histoiregenerale00dute_3,6,3.4,False,1667,"Histoire generale des Antilles habitées par les François. : Divisée en deux tomes, et enrichie de ca",paiomiriba troseaux rainette melongene urenes atraioman
neweweltvndameri00gott,6,1.2,False,1655,Newe Welt vnd Americanische Historien. : Inhaltende warhafftige und vollkommene Beschreibungen aller,magralsin uuiartsha alsordaß grosserals ocough madeneinen
levoyageurcurieu00unkn,6,3.3,False,1664,Le voyageur curieux qui fait le tour du monde. : Auec ses matières d'entretien qui composent l'histo,metamores manique monquel stregisile uberide ibraim
noticiasamerican00ullo_1,6,5.2,False,1792,"Noticias americanas: : Entretenimientos físico-históricos sobre la América Meridional, y la Septentr",pilancas siples impropiamente auiadoras machacados getudos
nouiorbisparsduo00herr,6,5.0,False,1624,"Noui Orbis pars duodecima. Sive Descriptio Indiae Occidentalis,",uadose postrerr resprose subdiuiditur alterauero exican
cartasedificante14jesu,6,4.9,False,1753,"Cartas edificantes, y curiosas, : escritas de las missiones estrangeras, por algunos missioneros de ",abandonandonos mingiuen beriti caicucianes chitse quichoa
deorigineseraphi02gonz,6,1.3,False,1587,"De origine seraphicae religionis Fra[n]ciscanae eiusq[ue] progressibus, : de Regularis Obserua[n]cia",sirmisli uastino tertiariarum ciuitatid sebaitianus gendasin
descriptiongeogr00bell_0,6,7.4,False,1763,Description geographique de la Guiane,barime nouuellemideki montmai couillaras poisirou pougoulai
wonderlijckevoya00noor,5,16.4,False,1649,"Wonderlijcke voyagie, by de Hollanders ghedaen, door de Strate Magalanes, ende voorts den gantschen ",iuuncossi trimenen lagasco caieuuai boluton
lessingularitezd00thev,5,5.5,False,1558,"Les singularitez de la France Antarctique, autrement nommée Amerique: & de plusieurs terre & isles d",marlbuin bonnitesdes srotteront lamoree baccales
nouvellerelation03laba,5,6.3,False,1728,Nouvelle relation de l'Afrique occidentale: : contenant une description exacte du Senegal & des paï,kiaueaux ingur blaton lonca tanguer
ellazarillodecie02conc,5,5.1,False,1775,"El Lazarillo de ciegos caminantes desde Buenos-Ayres, hasta Lima : con sus itinerarios segun las mas",picanilla tagaretes boguillas titeres atuniauia
chronicaapostoli01espi,5,1.1,False,1746,"Chronica apostolica, y seraphica de todos los colegios de propaganda fide de esta Nueva-España, de ",tamaales tammas cappi espastoles alistarie
cartasedificante11jesu,5,4.2,False,1753,"Cartas edificantes, y curiosas, : escritas de las missiones estrangeras, por algunos missioneros de ",coorr salupet lugueileng baiuuago nislao
kortehistoriaele00vrie_1,5,4.9,False,1655,"Korte historiael, ende journaels aenteyckeninge, van verscheyden voyagiens in de vier deelen des wer",sebescoe banbece arnae ireestec crcelent
tratadovnicoysin00roch,5,6.4,False,1681,"Tratado vnico, y singular del origen de los indios occidentales del Piru, Mexico, Santa Fè, y Chile.",imose dauisio enimispeo endizeleuueste machana
hispaniasivedere00laet_0,5,6.3,False,1629,"Hispania, sive De regis Hispaniae regnis et opibus commentarius",lenteio transmontano rationalium quitensis qiient
ideadelvalordela00snch,5,8.0,False,1785,"Idea del valor de la isla Española, y utilidades, que de ella puede sacar su monarquia.",ualsequillo corraleras canaboba candelon sanico
histoiregnralede02prvo_0,5,1.3,False,1746,"Histoire générale des voyages, ou nouvelle collection de toutes les relations de voyages par mer et ",gossia larotaua tuiiinetta zappolies ghingan
compendionarrati01pere,5,3.7,False,1760,"Compendio narrativo do peregrino da America, : em que se tratam varios discursos espirituaes, e mora",mogia casuli qualsoi impenitencia surucucus
historialedescri00alva,5,3.1,False,1558,"Historiale description de l'Ethiopie, : contenant vraye relation des terres, & païs du grand roy, &",brelie tabuto iritence olabi pretelan
historisjournael00spil,5,9.8,False,1648,Historis journael van de voyage gedaen met 3 schepen uyt Zeelant naer d'Oost-Indien onder het beleyt,mourdou iagher gendolsie soperssaen rintinno
histoiregnralede20prvo,5,1.6,False,1746,"Histoire générale des voyages, ou nouvelle collection de toutes les relations de voyages par mer et ",uanlaris logment tupode tamoa iineen
nouveauvoyageaut02pag,5,5.0,False,1797,"Nouveau voyage autour du monde, en Asie, en Amérique et en Afrique, en 1788, 1789 et 1790; : précédé",sormia mouab kakatous atoilon pengoains
nouvellerelation00barr_0,5,11.0,False,1743,"Nouvelle relation de la France Equinoxiale, : contenant la description des côtes de la Guiane; de l'",montseneri couillaras poisirou pougouii conslellation
cartasedificante09jesu,5,4.4,False,1753,"Cartas edificantes, y curiosas, : escritas de las missiones estrangeras, por algunos missioneros de ",samou aduian pargen tonkincs nagapattenam
derebusiaponicis02hayj,5,1.4,False,1605,"De rebus Iaponicis, Indicis, et Pervanis epistolæ recentiores.",iporio ochinosama schind cholauagaranum rnillionem
cartasedificante01jesu,5,4.7,False,1753,"Cartas edificantes, y curiosas, : escritas de las missiones estrangeras, por algunos missioneros de ",babal gregorios filipos arequies delch
drittebuchameric00stad_2,5,3.4,False,1606,"Dritte Buch Americae, darinn Brasilia : durch Johann Staden von Homberg auss Hessen, auss eigener er",commenten gratiosam nondt summague silianere
extirpaciondelai00arri,5,7.9,False,1621,Extirpacion de la idolatria del Piru. : Dirigido al Rey N.S. en su Real Conseio de Indias. Por el pa,conopa chuchu cosamuu quenac delashaacasio
historiagenerald15prvo,4,2.0,False,1763,"Historia general de los viages, ó nueva coleccion de todas las relaciones de los que se has hecho po",alimania cudode christena seruau
lessingularitezd00thev_0,4,4.2,False,1558,"Les singularitez de la France Antarctique, autrement nommée Amerique, & de plusieurs terres & isles",perutia amourense quoniambec penoablou
histoireetdescri01char_0,4,1.3,False,1744,"Histoire et description generale de la Nouvelle France, : avec le journal historique d'un voyage fai",amboines duriez serrope ponamo
nouafranciaordes00lesc,4,3.5,False,1609,"Noua Francia : or the description of that part of Neuu France, which is one continent with Virginia.",iacias saouin lecherie berecciued
nouveauvoyageaux03laba_1,4,3.4,False,1722,"Nouveau voyage aux isles de l'Amerique, : contenant l'histoire naturelle de ces pays, l'origine, les",rouai distillatoire plumo castonade
histoireduperupa00cala,4,5.3,False,1670,Historia de la conquista de la China por el Tartaro.,noeria haitao chanpailo mismoquesauios
teatromexicanode02veta,4,1.6,False,1697,"Teatro mexicano : descripcion breve de los sucessos exemplares, historicos, politicos, militares, y ",porserta tacale birrios santiagei
voyagedanslespro01sain_0,4,3.3,False,1830,Voyage dans les provinces de Rio de Janeiro et de Minas Geraes;,geruao preguicai tallio iatoba
wonderlijckevoya00noor_1,4,8.2,False,1648,"Wonderlijcke voyagie, by de Hollanders gedaen, door de strate Magalanes, : ende voorts den gantschen",siomarn dertoesen liouuian boiucon
travelsofjesuits00alme,4,3.1,False,1710,The travels of the Jesuits in Ethiopia: : containing I. The geographical description of all the king,holcait giratacachem historiess sandecas
wonderlijckehist00broe,4,6.9,False,1648,"Wonderlijcke historische ende journaelsche aenteyckeningh, van 't ghene Pieter van den Broecke, op s",gandiue andanderin anneke soltaen
wunderbarejedoch00mocq,4,1.3,False,1688,"Wunderbare jedoch gründlich- und warhaffte Geschichte und Reise Begebnisse in Africa, Asia, Ost- und",matamo mesoro uerungluckung sercken
voyagedeguineeco00bosm,4,2.5,False,1705,"Voyage de Guinée, : contenant une description nouvelle & très-exacte de cette côte où l'on trouv",bossum coatumes corsasres sessre
johannlorenzmosh00mosh_1,4,0.6,False,1742,Johann Lorenz Mosheims Sitten-Lehre der Heiligen Schrift,uerhasten astesi uuolmet moture
nouvellerelation02laba,4,5.1,False,1728,Nouvelle relation de l'Afrique occidentale: : contenant une description exacte du Senegal & des paï,saguerai lesuents tabasquet cubalots
nouvellerelation04laba,4,5.0,False,1728,Nouvelle relation de l'Afrique occidentale: : contenant une description exacte du Senegal & des paï,brigni cereres mortaudes dialot
johannlorenzmosh00mosh_0,4,0.6,False,1742,Johann Lorenz Mosheims Sitten-Lehre der Heiligen Schrift,tasselbe cstrist betummert shetle
vidadoapostolico00barr,4,2.3,False,1746,"Vida do apostolico padre Antonio Vieyra da Companhia de Jesus, chamado por antonomasia o Grande : ac",hasiando narda ignacia rauasco
voyagedanslhmisp02cook,4,3.5,False,1778,"Voyage dans l'hémisphère austral, et autour du monde, : fait sur les vaisseaux de roi, l'Aventure, e",noona maiorro paruai arreois
ioannispetrimaff00maff_3,4,1.3,False,1593,"Ioan[nis] Petri Maffeii, Bergomatis, e Societate Iesu, Historiarum Indicarum libri XVI. : Selectarum",leucascirciter cacicius deindetempe aruanus
nouusorbisregion00hutt_2,4,1.6,False,1532,"Nouus orbis regionum ac insularum ueteribus incognitarum,",promontoriurn mochricus sidemin commeatusill
cartasedificante05jesu,4,3.8,False,1753,"Cartas edificantes, y curiosas, : escritas de las missiones estrangeras, por algunos missioneros de ",sarasuadi manarcouil totiam elacourrichi
americaetertiapa00stad_3,4,4.4,False,1592,"Americae tertia pars Memorabile[m] provinciae Brasiliae historiam contine[n]s, Germanico primùm serm",disparuerunt ergoquandam tlanticum sommaque
travelsthroughas00lamb,4,3.1,False,1755,"Travels through Asia, Africa, and America. : Containing a curious account of the manners, customs, u",parrachatti oukom tienchanti michibichi
historiagenerald08prvo,4,2.2,False,1763,"Historia general de los viages, ó nueva coleccion de todas las relaciones de los que se has hecho po",mechiang sauupu louuua nieuuuang
histoiregnralede14prvo_0,4,0.9,False,1746,"Histoire générale des voyages, ou nouvelle collection de toutes les relations de voyages par mer et ",mambi pequetinga araroia ratepenades
histoiregenerale00dute_1,4,2.3,False,1667,"Histoire generale des Antilles habitées par les François. : Divisée en deux tomes, et enrichie de ca",paiomiriba rainette atraioman pamus
histoiregnralede17prvo_0,4,1.2,False,1746,"Histoire générale des voyages, ou nouvelle collection de toutes les relations de voyages par mer et ",hongi pururuuuen camorer oulesat
historiagenerald27prvo,4,2.0,False,1763,"Historia general de los viages, ó nueva coleccion de todas las relaciones de los que se has hecho po",parmen relingues sopladores aranniut
iournaelvandenas00unkn_3,4,9.2,False,1643,"Iournael vande Nassausche vloot, : ofte beschryvingh vande voyagie om den gantschen aerd-kloot, ghed",ubartiin cercauo lasaro quorogeni
nouveauvoyageaux03laba,4,4.0,False,1742,"Nouveau voyage aux isles de l'Amerique, : contenant l'histoire naturelle de ces pays, l'origine, les",iulorne baiacas ueilee sengrenent
histoireetvoyage00copp,4,7.3,False,1645,"Histoire et voyage des Indes Occidentales, et de plusieurs autres regions maritimes, & esloignées/ :",hachonuas augnes estourgeons renollin
accountofvoyages02unse,4,1.6,False,1775,"An Account of the voyages undertaken by the order of His present Majesty, for making discoveries in ",uuittee taane tauirua amoco
americaeparsviii00theo,4,5.3,False,1625,"Americae pars VIII. : Continens primo, Descriptionem trium itinerum nobilissimi et fortissimi equiti",quiquide interhunc petereinstiti machiniis
geographischekle00vair,4,2.4,False,1689,"Geographische, Kleinod, aus zweyen sehr ungemeinen Edelgesteinen bestehend; darunter der erste eine ",rubeten bemoliete eittueuuisra orsielle
nouveauvoyageaux01laba,4,1.3,False,1724,"Nouveau voyage aux isles de l'Amerique. : Contenant l'histoire naturelle de ces pays, l'origine, les",colihris dontonsaisoit andoiiilles sommersisles
noticiasamerican00ullo_0,4,3.5,False,1772,"Noticias americanas: : Entretenimientos phisicos-historicos, sobre la América Meridional, y la Septe",quinual siples auiadores machacados
histoiredelanouv00lesc_2,4,1.7,False,1611,"Histoire de la Nouvelle France : contenat les navigations, découvertes, & habitations faites par les",serrope prouignonsau papesust lequelceux
americaetertiapa00stad_2,4,4.4,False,1597,"Americae tertia pars Memorabile[m] provinciae Brasiliae historiam contine[n]s, Germanico primùm serm",disparuerunt quoniarn mirit mediurn
sumadegeographia00enci_0,4,5.9,False,1519,Suma de geographia q[ue] trata de todas las partidas [y] prouincias del mundo: en especial de las In,guaudalauir uientlas ssauila maremago
ddionnisdesolorz01solr,4,0.8,False,1672,"D.D. Ionnis de Solorzano Pereira, I.V.D. ... De Indiarum iure. siue De iusta Indiarum Occidentalium ",austrinus gomine hocuerbo nattra
deorigineseraphi00gonz,4,0.6,False,1587,"De origine seraphicae religionis Fra[n]ciscanae eiusq[ue] progressibus, : de Regularis Obserua[n]cia",sirmisli tertiariarum ciuitatid slexuiagum
discoursduvoyage00pyra,4,7.2,False,1611,"Discours du voyage des François aux Indes orientales, : ensemble des diuers accidents, aduentures & ",oncori alemand sandecitte coubari
dienewweltderlan00unkn,4,1.0,False,1534,"Die new Welt, der Landschaften vnnd Insulen, so bis hie her allen Altweltbeschrybern vnbekant, jungs",arasis sungsrauuen unsent tonbetuuo
aufsatzezurkunde00unse,4,7.8,False,1789,Aufsätze zur Kunde ungebildeter Völker,beriechen iaccaramo oronokesen strandnegern
epitomehistorial00angu,4,4.9,False,1706,"Epitome historial, y conquista espiritual del imperio Abyssino, en Etiopia la alta, o sobre Egypto, ",giagos cirineo aballes trigai
iohannisboterire00bote_0,3,3.6,False,1670,Iohannis Boteri Relationes de praecipuis rebuspublicis cum notis et indice authorum politicorum,cespitio ertibun bellul
hieronymicardani00card,3,1.1,False,1580,"Hieronymi Cardani Mediolanensis, medici, De subtilitate libri XXI",ceremeniaru indeosser guuriam
nouveauvoyageaux02laba_1,3,2.4,False,1722,"Nouveau voyage aux isles de l'Amerique, : contenant l'histoire naturelle de ces pays, l'origine, les",tuuiers pisquet lepreuu
voyages00thve,3,3.3,False,1684,Voyages,uargiuora sindiguera tilsoare
reysboeckvanhetr00unse,3,15.6,False,1624,"Reys-boeck van het rijcke Brasilien, Rio de la Plata ende Magallanes, : daer in te sien is, de ghele",dienstigh capiees taboig
selectaeantiquit00wald,3,2.1,False,1677,"Selectae antiquitatis libri XII. : De gestis primaevis, item de origine gentium nationùmque migrati",airaiuu aramaa stalice
historiagenerald20prvo,3,1.5,False,1763,"Historia general de los viages, ó nueva coleccion de todas las relaciones de los que se has hecho po",guianacaua matzii catiba
indiaeoccidental00ensg,3,4.3,False,1612,"Indiae Occidentalis historia : in qua prima regionum istarum detectio, situs, incolarum mores, aliaq",curista consluencem christom
histoireetdescri01char_1,3,1.0,False,1744,"Histoire et description generale de la Nouvelle France, : avec le journal historique d'un voyage fai",sarope saillirions ponamo
historiagenerald17prvo,3,1.6,False,1763,"Historia general de los viages, ó nueva coleccion de todas las relaciones de los que se has hecho po",uaradero camiro sietsa
voyagedanslhmisp03cook,3,3.0,False,1778,"Voyage dans l'hémisphère austral, et autour du monde, : fait sur les vaisseaux de roi, l'Aventure, e",pagrus paroilloient recourant
ioannispetrimaff00maff_2,3,1.6,False,1589,Io[annis] Petri Maffeii Bergomatis e Societate Iesu Historiarum Indicarum libri XVI. : Selectarum it,prelongo siuelad onerarie
continenteameric00rive,3,18.6,False,,"Continente americano, argonauta de las costas de Nueva-España, y Tierra-Firme, : islas, y baxos de ",cacina esdeclaracion toiuca
ouiedodelanatura00fern,3,6.2,False,1526,Ouiedo Dela natural hystoria delas Indias,rallanla dalquiuir cuadalquiuir
liurepremierdess00bouc,3,2.6,False,1585,Liure premier des serees,reilleur ganiculairess cocui
itinerarioycompe00gonz,3,7.1,False,1586,"Itinerario y compendio de las cosas notables que ay desde España, hasta el reyno dela China, y dela ",tothom tenenseila maganitos
histoiregnralede05prvo_0,3,0.9,False,1746,"Histoire générale des voyages, ou nouvelle collection de toutes les relations de voyages par mer et ",embotta pakaiies moutson
abrgchronologiqu00barr_6,3,3.7,False,1766,Abrégé chronologique ou histoire des découvertes faites par les Européens dans les différentes parti,bullauar aniuego nuccaro
voyagedemarseill00unkn,3,2.5,False,1720,"Voyage de Marseille a Lima, et dans les autres lieux des Indes Occidentales. : Avec une exacte descr",gornora ieitmelles emonouciues
neuerweltbotmits00vand,3,1.6,False,1733,"Neuer Welt-Bot, : mit sich bringend eine wahrhaffte Historie einiger von denen Patribus der Gesellsc",tacouraoua ubersteigen guauazis
cartasedificante10jesu,3,2.6,False,1753,"Cartas edificantes, y curiosas, : escritas de las missiones estrangeras, por algunos missioneros de ",saumeagi kingti sounou
geographicalnatu21moli,3,3.0,False,1808,"The geographical, natural and civil history of Chili.",gliagantu inandomo cahuin
arteenlenguazapo00juan,3,5.7,False,1578,"Arte en lengua zapoteca,",tobiela tobigoti calsegundo
americapaintedto00gorg,3,2.1,False,1659,America painted to the life. : The true history of the Spaniards proceedings in the conquests of the,apoiomatli harisord oncord
relationhistoriq01cava,3,3.0,False,1732,"Relation historique de l'Ethiopie occidentale: : contenant la description des royaumes de Congo, Ang",cumeni banamer chiuella
relacionvniversa00cepe,3,2.5,False,1637,"Relacion vniversal legitima, y verdadera del sitio en que esta fundada la muy noble, insigne, y muy ",barcholome pantitlan empiega
histoiregnralede19prvo_0,3,0.9,False,1746,"Histoire générale des voyages, ou nouvelle collection de toutes les relations de voyages par mer et ",icallin paudia kauglatch
kortebeknopteenn00unse,3,3.6,False,1687,"Korte, beknopte, en nette beschryving, van de koningrijken Hungarien, Dalmatien, en Morea. : Mitsgad",bistrienser eberaen baudran
historiadelascos00alva,3,2.7,False,1557,"Historia de las cosas de Etiopia, : en la qual se cuenta muy copiosamente, el estado y pote[n]cia de",bacinete gabeia ganetas
historiagenerald19prvo,3,1.6,False,1763,"Historia general de los viages, ó nueva coleccion de todas las relaciones de los que se has hecho po",lichium hecaces dependience
generalchronicad00unkn,3,2.4,False,1581,"General Chronica, das ist: Warhaffte eigentliche vnd kurtze Beschreibung, vieler namhaffter, vnd zum",uuschrecken ambacabete pagomen
predicaciondeleu00garc,3,3.5,False,1625,"Predicacion del euangelio en el Nueuo Mundo, viuie[n]do los apostoles.",pandara coulaa capiiii
thesaurusexotico00happ,3,0.4,False,1688,Thesaurus exoticorum. : Oder eine mit aussländischen Raritäten und Geschichten wohlversehene Schatz-,ouasen ungeratene uteni
historiaorbister00becm_0,3,1.2,False,1680,"Historia orbis terrarum, geographica et civilis, de variis negotiis : nostri potiss. & superioris se",terreisibos montigi gennabar
histoiregnralede06prvo_0,3,0.9,False,1746,"Histoire générale des voyages, ou nouvelle collection de toutes les relations de voyages par mer et ",capitames lochu changchais
cartasedificante02jesu,3,3.1,False,1753,"Cartas edificantes, y curiosas, : escritas de las missiones estrangeras, por algunos missioneros de ",discipuio mallemsan sangures
mandqueseimpri00le,3,5.7,False,1661,"Mandó que se imprimiesse este escrito el Excelentmo. senor Conde de Alva de Aliste, y de Villaflor, ",pircs retasa tucuiruoi
regimentoleyssob00port,3,12.3,False,1724,"Regimento, & leys sobre as missoens do estado do Maranhaõ, & Parà, & sobre a liberdade dos Indios. I",goncari goarapiranga coarapitanga
nouveauvoyageaux04laba,3,2.7,False,1742,"Nouveau voyage aux isles de l'Amerique, : contenant l'histoire naturelle de ces pays, l'origine, les",humede plumo uamerit
neweweltvndameri00gott_0,3,0.6,False,1655,Newe Welt vnd Americanische Historien. : Inhaltende warhafftige vnd vollkommene Beschreibungen aller,perudergroste schshet uueichesima
oostenwestindisc00spil_0,3,5.0,False,1648,"Oost- en West-Indische voyagie; door de Strate Magallanes naer de Moluques, met ses schepen onder de",tematanen bepauuu ihoa
museummuseorumod00vale,3,0.7,False,1704,"Museum museorum, oder Vollständige Schau-Bühne aller Materialien und Specereÿen : nebst deren natürl",canellam artliches tubera
travelsthroughas01lamb,3,2.4,False,1755,"Travels through Asia, Africa, and America. : Containing a curious account of the manners, customs, u",salters bousa cougles
sucesosdelasisla00morg,3,2.9,False,1609,Sucesos de las islas Filipinas. ...,rabaos carasas pampanga
abrgchronologiqu00barr_4,3,3.7,False,1766,Abrégé chronologique ou histoire des découvertes faites par les Européens dans les différentes parti,sponalcus argaricus depomme
beschryvingevann00donc_0,3,5.4,False,1655,"Beschryvinge van Nieuvv-Nederlant, : (ghelijck het tegenwoordigh in staet is) begrijpende de nature,",noembense nieuuuhauen apiopperen
cartasedificante16jesu,3,9.2,False,1753,"Cartas edificantes, y curiosas, : escritas de las missiones estrangeras, por algunos missioneros de ",cabruta bandal matalotage
cartasdopantonio01viei,3,3.6,False,1735,Cartas do P. Antonio Vieyra da Companhia de Jesu : tomo primeiro[-segundo]. .,poquiguaras pannas ginga
epitomehistorial00angu_0,3,3.5,False,1706,"Epitome historial, y conquista espiritual del imperio Abyssino, en Etiopia la alta, o sobre Egypto, ",cirineo trigai candaze
ersterthaildercr03marc,3,1.0,False,1620,Erster Thail der Cronicken der eingesetzten Orden dess heiligen Vatters Francisci: : darinn sein Leb,hattindem stahelder iueinem
ferdinandicortes00cort_0,3,2.1,False,1550,"Ferdinandi Cortesii. Von dem Newen Hispanien, so im Meer gegem Nidergang, Zwo gantz lustige vnnd fru",tonaticon messin stenglen
