tcp_id,short,year,lang_expected,source
A02655,Harriot Briefe and true report,1590,Carolina Algonquian,LEME 714
A71306,Purchas Pilgrimes pt4 (Rosier etc.),1625,Eastern Algonquian,LEME 723
A68617,Purchas Pilgrimes pt1,1625,various,LEME 723
A71305,Purchas Pilgrimes pt3,1625,various,LEME 723
A71307,Purchas Pilgrimes pt2,1625,various,LEME 723
A15685,Wood New Englands Prospect,1634,Massachusett,LEME 378
A66450,Williams Key into the Language,1643,Narragansett,LEME 410
A28809,Boothby Madagascar,1647,Malagasy,LEME 417
A41427,Gage English-American,1648,Poqomchi',LEME 427
A57484,Rochefort Caribby-islands,1666,Island Carib,LEME 522
A12466,Smith Map of Virginia,1612,Powhatan,LEME 850
A12461,Smith Generall Historie,1624,Powhatan,LEME 304
A02495,Hakluyt Principal Navigations 1599,1599,Guinean/Inuit/various,LEME 1553
A18057,Cartier Two Navigations,1580,Laurentian,LEME 155
A03065,Herbert Relation of some yeares travaile,1634,Malay/Persian/Khoekhoe,LEME 376
A20032,Eden Decades (Pigafetta),1555,Tupi/Tehuelche/Malay,LEME 82
A20049,Eden/Willes History of Travayle,1577,Tupi/Tehuelche/Malay,LEME 143
A21782,Spalding Malay Dialogues,1614,Malay,LEME 314
A08052,van Neck Journall,1601,Malay/Javanese,LEME 265
A53222,Ogilby America,1671,various American,LEME 530
A53223,Ogilby Asia,1673,Malay,LEME 544
A62332,Scheffer Lapland,1674,Sami,LEME 547
A65351,Webb China,1669,Chinese,LEME 1235
A05339,Lescarbot Nova Francia,1609,Mi'kmaq,LEME 290
A26378,Addison West Barbary,1671,Arabic,LEME 533
A49450,Ludolf Ethiopia,1682,Ge'ez/Amharic,LEME 574
A22928,Acosta Natural and Moral History,1604,Nahuatl/Quechua,LEME 701
A13665,Thevet New Found Worlde,1568,Tupi,LEME 799
A06817,Mandeville,1582,Arabic etc.,LEME 947
A67528,Ward Trip to New-England,1699,Algonquian,LEME 573
A09810,Bradford/Mourt Relation,1622,Wampanoag,LEME 1149
A46301,Josselyn Two Voyages,1674,Algonquian,added
A46303,Josselyn New-Englands Rarities,1672,Algonquian,added
A47586,Knox Ceylon,1681,Sinhala,added
A36106,Dampier New Voyage,1697,various,added
