n,section_heading,gloss_as_printed,form_as_printed,form_language_label_as_printed,note
1,A,an Indian,Aberginian,,
2,A,the divell,Abbamocho,,
3,A,a dogge,Aunum,,
4,A,a Rackoone,Ausupp,,
5,A,Lobstar,Au so hau naut hoc,,
6,A,will you play,Assawog,,
7,A,to morrow,A saw upp,,
8,A,greene,Ascosc•i,,illegible marks in transcription
9,A,give me some bread,Ausomma petuc quanocke,,
10,A,when I see it I will tell you my minde,Appepes naw aug,,
11,A,a sieve,Anno ke ••gge,,illegible marks in transcription
12,A,a bed,An nu ocke,,
13,A,to day,Autchu wompocke,,
14,A,the morne,Appause,,
15,A,thankes be given to God.,Ascom quom pauputchim,,
16,B,the head,Boquoquo,,
17,B,the shoulderbones,Bisquant,,
18,C,you lye,Chesco kean,,
19,C,you steale,Commouton kean,,
20,C,to kill,Cram,,
21,C,osculari podicem,Chicka chava,,gloss is Latin (as printed)
22,C,sleepes,Cowimm•,,illegible marks in transcription
23,C,the navell,Cocum,,
24,C,the nailes,Cos,,
25,C,a spoone,Conomma,,
26,C,bow and arrowes,Cossaquot,,
27,C,the Sunne,Cone,,
28,C,I drinke to you,Cotattup,,
29,C,will you drinke Tobaco,Coetop,,
30,C,It is almost night,Connucke sommona,,
31,C,good night to you,Connu,,
32,C,God morrow,Cow•mpaum si•,,illegible marks in transcription
33,C,ice,Coepot,,
34,D,the backe bone,Dottaguck,,
35,D,what is your name,Docke taugh he necke,,
36,E,a knife,Et ch•ssucke,,illegible marks in transcription
37,E,Indian corne,Eat chumnis,,
38,E,4 fathomes,Eans causuacke,,
39,E,halfe a skin of Beaver,Easu tomm•c quocke,,illegible marks in transcription
40,E,much good may your meate doe you,Epimetsis,,
41,G,the great toe,Gettoquaset,,
42,G,the fore finger,Genehuncke,,
43,G,the knees,Gettoquacke,,
44,G,the knuckles,Gettoquun,,
45,G,the thumb,Gettoquan,,
46,G,let me see,Gegnewaw og,,
47,H,yes,Haha,,
48,H,the body,Hoc,,
49,H,almost,Hamucke,,
50,H,come come come,Hub hub hub,,
51,H,where did you buy that,Haddo quo du•na moquonash,,illegible marks in transcription
52,H,who lives here,Haddogoe weage,,
53,I,the bread,Isattonaneise,,
54,I,faint with hunger,Icattop,,
55,I,very sleepie,Icatto quam,,
56,K,I,Kean,,
57,K,backe of the hand,Keisseanchacke,,
58,K,it hurts me,Ksitt•,,illegible marks in transcription
59,K,let me see money,Kawken•g wampompeage,,illegible marks in transcription
60,K,will you eate meate,Kagmatche•,,illegible marks in transcription
61,K,a whet stone,Ketott•g,,illegible marks in transcription
62,K,very sharpe,Kenie,,
63,K,lend me monie,Ketto•a•ese,,illegible marks in transcription
64,K,much paine,Kekechoi,,
65,M,It is nought,Matchet,,
66,M,to die,Mat•amoi,,illegible marks in transcription
67,M,meat,Mitchin,,
68,M,very angrie,Misquanium,,
69,M,be gonne,Mauncheake,,
70,M,no,Matta,,
71,M,haire,Meseig,,
72,M,the eye brees,Mamanock,,
73,M,the nose,Matchanne,,
74,M,the lippes,Mattone,,
75,M,the teeth,Mepeiteis,,
76,M,the shoulders,Mattickeis,,
77,M,the little toe,Mettosowset,,
78,M,the little finger,Metosaunige,,
79,M,the veines,Misqu•sh,,illegible marks in transcription
80,M,the wast,Mohoc,,
81,M,the genitals,Menisowhock,,
82,M,the black of the naile,Mocossa,,
83,M,very sicke,Matchanni,,
84,M,bowes and arrowes,Monacus,,
85,M,sit downe,Manehops,,
86,M,a coate,Monakinne,,
87,M,a paire of shooes,Mawcus sinnus,,
88,M,it stinketh,Matchemauquot,,
89,M,a bone,Muskana,,
90,M,a basket,Menota,,
91,M,be merrie,Meatchis,,
92,M,it snowes,Mawpaw,,
93,M,very strong,Mawnaucoi,,
94,M,a very poore man,Mutchecu,,
95,M,whats this,Monosketenog,,
96,M,the breech,Mouskett,,
97,M,very blunt,Matchet wequon,,
98,M,will you not trade,Ma••a ka tau caushana,,illegible marks in transcription
99,M,Indian gold,Mowhachei•,,illegible marks in transcription
100,N,a boy,〈◊〉,,illegible/missing text marked 〈◊〉
101,N,a maide,Nicke squaw,,
102,N,you,Nean,,
103,N,water,Nippe,,
104,N,pottadge,Nasamp,,
105,N,sixe,No•a,,illegible marks in transcription
106,N,the elbow,Nisquan,,
107,N,the third toe,Noenaset,,
108,N,a blacke bird,Nahenan,,
109,N,the middle finger,Naw naunidge,,
110,N,the arme,Napet,,
111,N,the hand,Nitchicke,,
112,N,the skinne,Nottoquap,,
113,N,the heart,Nogcu•,,illegible marks in transcription
114,N,the breast bone,Nobpaw nocke,,
115,N,the thighes,Nequaw,,
116,N,a friend,Netop,,
117,N,give me,Nenmia,,
118,N,how doe you,Noeicantop,,
119,N,farewell,N•whaw nissis,,illegible marks in transcription
120,N,by and by kill,Noei pauketan,,
121,N,Ile fight with you,Nenelah ha,,
122,N,a codfish,Noei comquocke,,
123,N,stand by,Nepaupe,,
124,N,a great journie,No ot•ut,,illegible marks in transcription
125,N,no such matter,Necautauh han,,
126,N,he laugheth,Noewamma,,
127,N,a father,Noeshow,,
128,N,a mother,Nitka,,
129,N,a brother,Netchaw,,
130,N,a kinseman,Not•nquous,,illegible marks in transcription
131,N,a kinswoman,Nenomous,,
132,N,my sonne,Nau maeu nais,,
133,N,my daughter,Taunais,,
134,N,give me corne,No einshom,,
135,N,take it,Nemnis,,
136,N,give me a span of any thing.,Nenimma nequitta ta auchu,,
137,N,2 fathome,Ne•• nis ca su acke,,illegible marks in transcription
138,N,a little strong,Notanumoi,,
139,N,lend me,Negac•wgh-hi,,illegible marks in transcription
140,N,adiew,N•b•ks quam,,illegible marks in transcription
141,N,come in,N•• wi•yan,,illegible marks in transcription
142,N,much wearie,Nau• seam,,illegible marks in transcription
143,N,I love you,Noe wammaw •use,,illegible marks in transcription
144,N,a man of a middle stature,Net noe whaw missu.,,
145,O,a Deere,Ottucke,,
146,O,a Deere skinne,Occone,,
147,O,the heele,Oquan,,
148,O,a bow,Ottump,,
149,O,Tobacco,Ottommaocke,,
150,O,the chinne,Ottannapeake,,
151,O,the throate,Occot••ke,,illegible marks in transcription
152,O,halfe a quarter,Occasu,,
153,O,you are cunning,Vnquagh saw au,,
154,O,a Wolfe,Ontoquos,,
155,P,a conjurer or wizard,Pow-wow,,
156,P,give me a pipe of Tobaco,Petta sinna,,
157,P,Colts-foote,Peoke,,
158,P,a child,Pappouse,,
159,P,bread,Petucquanocke,,
160,P,a pipe,Picke,,
161,P,make a fire,Ponesanto,,
162,P,winter,Papowne,,
163,P,a Foxe,Pequas,,
164,P,a little journie,Pausochis,,
165,P,a little,Peamissin,,
166,P,worke hard,Peacumshis,,
167,P,smoake,Pokitta,,
168,P,a bagge,Petogge,,
169,P,a quarter,Paucasu,,
170,P,halfe a fathome,Pausawniscosu,,
171,P,much pray,Peunct•umocke,,illegible marks in transcription
172,P,a little man,Pesissu,,
173,P,the sunne is rising,Pau••••ssoi,,illegible marks in transcription
174,P,it is broken,Poucksha•,,illegible marks in transcription
175,P,you burne,Poebugketaas,,
176,P,a big bellied woman,Poussis,,
177,Q,what cheare,Quequas nummos,,
178,Q,it is almost day,Quequas nim,,
179,Q,make haste,Quog quosh,,
180,Q,a stoole,Quenobpuuncke,,
181,Q,be quiet,Quenops,,
182,S,a king,Sagamore,,
183,S,idem,Sachem,,"gloss ""idem"" refers to preceding entry (Sagamore: a king)"
184,S,a man,Sannup,,
185,S,a woman,Squaw,,
186,S,a fire sparke,Squitta,,
187,S,a Basse,S•ggig,,illegible marks in transcription
188,S,a rattle snake,Seasicke,,
189,S,a Squerill,Shannucke,,
190,S,the eyes,Skesicos,,
191,S,the necke,Sickeubecke,,
192,S,the wrist bones,Supskinge,,
193,S,the breast bone,Socottocanus,,
194,S,blood,Squehincke,,
195,S,the hammes,Siccaw quant,,
196,S,the shinnes,Sis sau causke,,
197,S,ancle bones,Su•piske,,illegible marks in transcription
198,S,the foote,Seat,,
199,S,a ducke,Seaseap,,
200,S,a Clam,Suckis suacke,,
201,S,the summer,Sequan,,
202,S,he will bite,Sockepup,,
203,S,come out,Sis,,
204,S,red,Squi,,
205,S,3 fathomes,Swanscaw suacko,,
206,S,very weake,Sawawampeago,,
207,S,I will eate you,Succomme,,
208,S,a great man,Sasketupe,,
209,T,Thankes heartily,Taubut nean he•,,illegible marks in transcription
210,T,beate him,Tantacum,,
211,T,goe in,Tap in,,
212,T,I cannot tell,Titta,,
213,T,what newes,Tahanyah,,
214,T,the eares,Tonagus,,
215,T,a cranie,Tannicke,,
216,T,the calfe of the leg,Thaw,,
217,T,the sole of the foote,Tahascat,,
218,T,the insteppe,Tasseche quonu•ck,,illegible marks in transcription
219,T,whither goe you,Tonokete naum,,
220,T,which is the way,Tannissin may,,
221,T,where live you,Tunketappin,,
222,T,where have you bin,Tonocco wam,,
223,T,a paire of stockings,Tasis,,
224,T,a hatchet,Tockucke,,
225,T,a sister,Towwow,,
226,T,a husband,Tom maushew,,
227,T,enough sleepe,Tookesin,,
228,T,doe you nod and sleepe,Titto kean l•atoquam,,illegible marks in transcription
229,T,very heavie,Tau kequam,,
230,T,it is very cold,Tauh coi,,
231,V,the breast 〈◊〉,Vkepemanous,,illegible/missing text marked 〈◊〉
232,V,will you trucke,Vnkesheto,,
233,W,Indian money,Wampompeage,,
234,W,very good,Winnet,,
235,W,a wife,Web,,
236,W,a house,Wigwam,,
237,W,enough,Waw•••t,,illegible marks in transcription
238,W,the tongue,Whenan,,
239,W,a Foxe,Whanksis,,
240,W,a Goose,Wawpatucke,,
241,W,the bellie,Wawpiske,,
242,W,a ditch,Whoe nuncke,,
243,W,the wind,Wappinne,,
244,W,understand you,Wawtom,,
245,W,white,Wompey,,
246,W,the sunne is downe,Wa aoy,,
247,W,the day breakes,Wa•coh,,illegible marks in transcription
248,W,it smells sweete,Wekemawquot,,
249,W,it is very handsome,Weneikin•e,,illegible marks in transcription
250,W,the kettle boyleth,Whissu hochuck,,
251,W,you have lost your way,Waawnew,,
252,W,it is a warme summer,Woenaunta,,
253,W,to morrow,Wompoca,,
254,W,an honest man,Wawmauseu,,
255,W,a rich man,Weneicu,,
256,W,a cleere day,Weitagcone,,
257,W,yesterday,Wawnauco,,
258,Y,sit downe,yeips,,
259,Y,the sides,yaus,,
260,Y,there,yaugh,,
261,Y,now,yough yough,,
262,Y,lice,yoakes,,
263,The number of 20.,1,A quit,,
264,The number of 20.,2,Nees,,
265,The number of 20.,3,Nis,,
266,The number of 20.,4,Yoaw,,
267,The number of 20.,5,Abbona,,
268,The number of 20.,6,Ocqinta,,
269,The number of 20.,7,Enotta,,
270,The number of 20.,8,Sonaske,,
271,The number of 20.,9,Assaquoquin,,
272,The number of 20.,10,Piocke,,
273,The number of 20.,11,Appon•a qiut,,illegible marks in transcription
274,The number of 20.,12,Apponees,,
275,The number of 20.,13,Apponis,,
276,The number of 20.,14,Appoyoaw,,
277,The number of 20.,15,Apponabonna,,
278,The number of 20.,16,Apponaquinta,,
279,The number of 20.,17,Apponenotta,,
280,The number of 20.,18,Apponsonaske,,
281,The number of 20.,19,Apponasquoquin,,
282,The number of 20.,20,Neeniss•hicke,,illegible marks in transcription
283,"The Indians count their time by nights, and not by dayes, as followeth.",1 sleepes,Sawup,,
284,"The Indians count their time by nights, and not by dayes, as followeth.",2 sleepes,Isoqu••ocquock,,illegible marks in transcription
285,"The Indians count their time by nights, and not by dayes, as followeth.",3 sleepes,Sucqunnocquocke,,
286,"The Indians count their time by nights, and not by dayes, as followeth.",4 sleepes,Yoawqunnocquock,,
287,"The Indians count their time by nights, and not by dayes, as followeth.",5 sleepes,Abonetta ta sucqunnocquock,,
288,"The Indians count their time by nights, and not by dayes, as followeth.",6 sleepes,Nequitta ta sucqunnocquock,,
289,"The Indians count their time by nights, and not by dayes, as followeth.",7 sleepes,Enotta ta sucqunnocquock,,
290,"The Indians count their time by nights, and not by dayes, as followeth.",8 sleepes,Soesicta sucqunnocquock,,
291,"The Indians count their time by nights, and not by dayes, as followeth.",9 sleepes,Pausa quoquin sucqunnocquock,,
292,"The Indians count their time by nights, and not by dayes, as followeth.",10 sleepes,Pawquo qunnocquock,,
293,How they call their Moneths.,1 moneths,A quit-appause,,
294,How they call their Moneths.,2 moneths,Neec-appause,,
295,How they call their Moneths.,3 moneths,Ni•-appause,,illegible marks in transcription
296,How they call their Moneths.,4 moneths,Yoaw appause,,
297,How they call their Moneths.,5 moneths,Abonna appause,,
298,How they call their Moneths.,6 moneths,Nequit appause,,
299,How they call their Moneths.,7 moneths,E•otta appause,,illegible marks in transcription
300,How they call their Moneths.,8 moneths,Sonaske appause,,
301,How they call their Moneths.,9 moneths,Assaquoquin appause,,
302,How they call their Moneths.,10 moneths,Piocke appause,,
303,How they call their Moneths.,11 moneths,App•na quit appause,,illegible marks in transcription
304,How they call their Moneths.,12 moneths,App•••ce• appause,,illegible marks in transcription
305,How they call their Moneths.,13 moneths,Apponnis appause,,
306,How they call their Moneths.,14 moneths,Apponyouw appause,,
307,How they call their Moneths.,15 moneths,Nap nappona appause,,
308,How they call their Moneths.,16 moneths,Nap napocquint appause,,
309,How they call their Moneths.,17 moneths,Nap nap enotta appause,,
310,How they call their Moneths.,18 moneths,Napsoe sicke appause,,
311,How they call their Moneths.,16 moneths,Nappawsoquoquin appause,,"numeral printed ""16"" (sic, context suggests 19)"
312,How they call their Moneths.,20 moneths,Neesnischicke appause,,
313,How they call their Moneths.,21 moneths,Neesnischicke appon a quit appause,,
314,How they call their Moneths.,22 moneths,Neesnischicke apponees appause,,
315,How they call their Moneths.,23 moneths,Neesnischick apponis appause,,
316,How they call their Moneths.,24 moneths,Neesnischick appo yoaw appause,,
317,The Names of Sagamores.,Anglice King Iohn,Woenohaquahham,,"; gloss is a description of the person, not a translation"
318,The Names of Sagamores.,Anglice King Iames,Montowompate,,"; gloss is a description of the person, not a translation"
319,The Names of Sagamores.,Igowam Sagamore,Mausquonomend,,"; gloss is a description of the person, not a translation"
320,The Names of Sagamores.,Naponset Sagamore,Chickkatawbut,,"; gloss is a description of the person, not a translation"
321,The Names of Sagamores.,Narraganset Sagamore,Caroni••es,,"illegible marks in transcription; gloss is a description of the person, not a translation"
322,The Names of Sagamores.,Sagamore of the Pequants,Osomeagen,,"; gloss is a description of the person, not a translation"
323,The Names of Sagamores.,Petchutacut Sagamore,Kekut,,"; gloss is a description of the person, not a translation"
324,The Names of Sagamores.,Two Sagamoes of Nipust.,Nassawwho•an,,"illegible marks in transcription ; two names printed jointly with one description; gloss is a description of the person, not a translation"
325,The Names of Sagamores.,Two Sagamoes of Nipust.,Woesemagen,,"two names printed jointly with one description; gloss is a description of the person, not a translation"
326,The Names of Sagamores.,A Sagamore and most noted Nigromancer.,Pissacannua,,"; gloss is a description of the person, not a translation"
327,The names of the noted Habitations.,Salem,Nahumkeake,,"place name with English equivalent as printed (layout ambiguous: English name follows Indian name; ""Chobocco Anglice"" precedes Nahumkeake Salem so pairing of Salem could be with Chobocco or Nahumkeake)"
328,The names of the noted Habitations.,Charles towne,Mishaumut,,place name with English equivalent as printed
329,The names of the noted Habitations.,Boston,Massachusets,,place name with English equivalent as printed
330,The names of the noted Habitations.,Water tow,Pigsgusset,,place name with English equivalent as printed
331,The names of the noted Habitations.,Dorchester,Matampan,,place name with English equivalent as printed
332,The names of the noted Habitations.,Plymouth,Pawtuxet,,place name with English equivalent as printed
