h_gloss,h_form,vn_gloss,vn_form,form_sim,gloss_sim,inv_sim,inv_vn
MY father,Beta-babpa,my Father,Beta babpa,100.0,100.0,47.05882352941176,TAke away - Ambel
A brother,Addal-ally,a Brother,Addollaley,73.6842105263158,100.0,47.05882352941176,Galingal - Lancuas
A sister,Adde-Paparas,Sister,Addeparapas,81.81818181818181,92.3076923076923,50.0,Eares - Talynga
An Vncle,Niana,Where,Dymana,72.72727272727273,33.333333333333336,66.66666666666667,Nine - Sambalan
A youth,Monda,Young,Monda,100.0,54.54545454545454,60.0,Found - Botonuum
A boy,Catsyon,a Boye,Catsion,100.0,88.88888888888889,61.53846153846154,a Stone - Batu
An infant,Buda,a Childe,Buda,100.0,26.66666666666667,44.44444444444444,a Bull - Carboo
A Priest,Cadda,the Hye priest,Cadda,100.0,63.1578947368421,50.0,Calamus - Dirimguo
A Merchant,Fetor,a Marchant,Fetor,100.0,88.88888888888889,66.66666666666667,Fyer - Apy
A man,Oran,a Man,Orang,88.88888888888889,100.0,60.0,a Boane - Backy
A woman,Paran-poan,a Woman,Paranpoan,100.0,100.0,53.333333333333336,a Boane - Backy
A Nobleman,Orankay,Bagges,Corni,66.66666666666667,26.66666666666667,57.14285714285714,Goe a way - Tachghy
A Chyrurgion,Goetheing,Shéeres,Goethieng,88.88888888888889,22.22222222222222,61.53846153846154,They - Dya
An Iron-smith,Goada,a Smith,Goeda,80.0,70.58823529411764,66.66666666666667,Good - Bayck
A friend,Marty-lowty,a Frend,Maety pooty,70.0,92.3076923076923,58.82352941176471,a Pillow - Bantel
A Muske-nut,Palla,Nutmegs,Palla,100.0,37.5,66.66666666666667,Alas - Saya
A Muske-cat,Gatto Dalgalia,a Cyuet Cat,Gatto d'algalia,100.0,66.66666666666667,57.14285714285714,Galingal - Lancuas
A Dogge,Hanghee,a Dogge,Hanghee,100.0,100.0,61.53846153846154,a Henne - Ayam
A sort of Crabs,Horra,a Crab,Horra,100.0,58.82352941176471,54.54545454545454,a Borer - Alforees
A Hen,Ayam,a Henne,Ayam,100.0,80.0,60.0,a Lampe - Palyta
A Ducke,Bebee,Ducks,Bebe,88.88888888888889,72.72727272727273,60.0,Héere - Chyny
An Elephant,Catgha,an Olephant,Catgha,100.0,90.0,54.54545454545454,DEath - Mattu
A Goat,Carbow,a Bull,Carboo,83.33333333333334,19.999999999999996,54.54545454545454,a Bull - Carboo
An Oxe or Buffle,Camb•,a Goate,Camby,88.88888888888889,33.333333333333336,66.66666666666667,a Crab - Horra
A Lambe,Domba,a Lawnce or pike,Tomba,80.0,42.10526315789473,54.54545454545454,to Make - Bretoun
A Bird,Borron,a Bird,Borron,100.0,100.0,66.66666666666667,a Borer - Alforees
A stone,Batu,a Stone,Batu,100.0,100.0,60.0,a Boate - Prau
A Cap or Turbant,Cayo,a Billet,Cayo,100.0,30.000000000000004,57.14285714285714,You - Pakanera
A ship,Capall,a Ship,Capal,90.9090909090909,100.0,61.53846153846154,a Pillow - Bantel
A Ring,Chinsim,a Ring,Chynsyn,85.71428571428572,100.0,58.82352941176471,Christians - Vrangy
A shooe,Apon,Faire,Apon,100.0,36.36363636363637,60.0,a Boane - Backy
A Wimble,Alforees,a Borer,Alforees,100.0,46.15384615384615,62.5,Forehead - Batock
A Sword,Ita,Blacke,Ita,100.0,16.666666666666664,50.0,a Cyuet Cat - Gatto d'algalia
A Knife,Pieson,a Knife,Pieson,100.0,100.0,66.66666666666667,Pinnes - Caluenetten
A Boat,Praw,a Boate,Prau,100.0,90.9090909090909,44.44444444444444,a Bull - Carboo
A Boat,Paca Suyra,Is out,Pacasuyra,100.0,40.0,57.14285714285714,a Crab - Horra
A warme thing,Penas,Warme,Penas,100.0,62.5,88.88888888888889,Pens - Calamp
A Lampe,Pulita,a Lampe,Palyta,83.33333333333334,100.0,54.54545454545454,Light - Arynga
A Coate,Nassee,a Cap,Nasse,90.9090909090909,60.0,66.66666666666667,Glasse - Lora
A Needle,Naroen,a Néedle,Naroen,100.0,100.0,72.72727272727273,a Rope - Taly
A Gun,Bedyll,a Cast péece,Bedyl,90.9090909090909,14.28571428571429,61.53846153846154,a Billet - Cayo
A barrell of a Gun,Sombo-bedyl,Charge the péece,Sombo bedyl,100.0,21.42857142857143,53.333333333333336,Money - Sarfy
A custome,Negry,the Maner of the Countrie,Negry,100.0,34.48275862068966,66.66666666666667,VIneger - Tsuyka
A King,Rutgee,a King,Rutgee,100.0,100.0,66.66666666666667,Wée - Dep
A Lord,Queay,a Lord,Queay,100.0,100.0,60.0,Early - Pagy
A Iauelin,Tomba,a Lawnce or pike,Tomba,100.0,47.61904761904761,72.72727272727273,to Make - Bretoun
A shield,Saluack,a Shield,Salwacke,93.33333333333333,100.0,61.53846153846154,Blacke - Ita
A Looking-glasse,Sarmi,a Looking glasse,Sarmi,100.0,100.0,60.0,Early - Pagy
A Sow,Sabi,a Hog or swine,Saby,100.0,40.0,66.66666666666667,a Boye - Catsion
A hand,Tanga,the Hand,Tanga,100.0,66.66666666666667,61.53846153846154,Galingal - Lancuas
A beard,Tianga,the Hand,Tanga,90.9090909090909,46.15384615384615,57.14285714285714,Any thing - Bacabaren
A command,Tsuyka,VIneger,Tsuyka,100.0,13.33333333333333,57.14285714285714,to Sweare - Sempa
A yeare,Tauwa,the Yéere,Tauwn,80.0,57.14285714285714,61.53846153846154,TAke away - Ambel
A day,Aris,the Day,Arys,100.0,60.0,66.66666666666667,Eares - Talynga
A rope,Tali,a Rope,Taly,100.0,100.0,66.66666666666667,Early - Pagy
Fruit,Tacat,Feare,Tacat,100.0,40.0,66.66666666666667,a Cap - Nasse
A foot,Backie,a Boane,Backy,90.9090909090909,36.36363636363637,83.33333333333334,Blacke - Ita
A marriage-maker,Coemod•,a Curtesan or wooer,Cemoeda,76.92307692307692,40.0,60.0,Good - Bayck
Copper,Tambagle,Copper,Tambagle,100.0,100.0,57.14285714285714,a Boane - Backy
Lead,Tyma,Leade,Tyma,100.0,88.88888888888889,60.0,to Make - Bretoun
Iron,Negle,Stéele,Negle,100.0,0.0,66.66666666666667,a Néedle - Naroen
Glasse,Lora,Glasse,Lora,100.0,100.0,66.66666666666667,a Lord - Queay
Inke,Mangsy,Inke,Mangsy,100.0,100.0,60.0,a Man - Orang
Bloud,Darno,Blood,Darna,80.0,80.0,60.0,an Ore - Saby
Merchandize,Dyman•,Where,Dymana,90.9090909090909,37.5,66.66666666666667,a Man - Orang
Pepper,Lada,Pepper,Lada,100.0,100.0,66.66666666666667,Leade - Tyma
Lignum Aloes,Garro,Wood of Aloes,Garro,100.0,54.54545454545454,60.0,a Rope - Taly
Cloues,Chocho,Beastinesse,Cheehoo,61.53846153846154,23.529411764705888,61.53846153846154,How much - Batapa
Sweet Gummes,Daringo,Light,Arynga,76.92307692307692,12.5,83.33333333333334,a Ring - Chynsyn
Sweet Spices,Dingyn,Gréene herbs,Dyngin,100.0,36.36363636363637,60.0,Nine - Sambalan
Cynamome,Cajumayns,Synamon,Caiumains,100.0,66.66666666666667,66.66666666666667,a Woman - Paranpoan
Ginger,Alia,Ginger,Alia,100.0,100.0,75.0,Alas - Saya
Mace,Bengo,FOlly,Bengo,100.0,0.0,57.14285714285714,Go - Pegy
Tamarind,Assa,Tamaryndis,Aassa,88.88888888888889,88.88888888888889,60.0,Glasse - Lora
Rice,Brasse,RIce,Bras,80.0,100.0,66.66666666666667,Glasse - Lora
Chalke,Capier,Lyme,Capyer,100.0,40.0,72.72727272727273,Paper - Cartas
Nuts,Calappen,Nuttes,Calappey,87.5,80.0,71.42857142857143,a Lampe - Palyta
Salt,Garram,Salte,Garram,100.0,88.88888888888889,54.54545454545454,a Crab - Horra
Oyle,Nuagia,Oyle,Nuagia,100.0,100.0,50.0,a Goate - Camby
Gold,Maz,Gold,Mas,66.66666666666667,100.0,57.14285714285714,a Man - Orang
Siluer,Peca,Siluer,Peca,100.0,100.0,50.0,a Cap - Nasse
Money,Sarsi,a Looking glasse,Sarmi,80.0,31.57894736842105,60.0,Eares - Talynga
Arack,Pinanga,to cut off,Pang,72.72727272727273,16.666666666666664,61.53846153846154,Pinnes - Caluenetten
Egges,Teloor,EGges,Teloor,100.0,100.0,62.5,to let Blood - Bewangdarner
Mustard seed,Sajani,Mustard séed,Saiani,100.0,100.0,61.53846153846154,Synamon - Caiumains
A fish,Ican,Fish,Ican,100.0,88.88888888888889,57.14285714285714,Yce - Dalan
Water,Eyer,Water,Eyer,100.0,100.0,75.0,Eyes - Martye
A Water-pot,Laude,a Water-pot,Lande,80.0,100.0,80.0,LEaue - Sone
The Head,Capell,the Cough,Capello,92.3076923076923,53.333333333333336,61.53846153846154,a Pillow - Bantel
The Eyes,Martic,Eyes,Martye,83.33333333333334,72.72727272727273,61.53846153846154,to Marry - Barwin
The Necke,Goulon,the Necke,Goulon,100.0,100.0,60.0,Go we - Mary
The Teeth,Auton,Téeth,Anton,80.0,76.92307692307692,72.72727272727273,a Stone - Batu
The Eye-lids,Alys,Eye browes,Alys,100.0,42.10526315789473,75.0,Alas - Saya
A Tongue,Ilatt,Tongue,Ilat,88.88888888888889,92.3076923076923,54.54545454545454,Little - Selykit
The Lips,Lambider,Lips,Lambbyder,94.11764705882352,72.72727272727273,61.53846153846154,a Boye - Catsion
Eares,Talinga,Eares,Talynga,100.0,100.0,80.0,Galingal - Lancuas
A backe & shoulder,Balacca baon,Rye,Balacca,77.77777777777779,11.764705882352944,50.0,a Crab - Horra
An Arme,Backeyen,POore,Backeyen,100.0,36.36363636363637,71.42857142857143,Blacke - Ita
The Fingers,Iary-laree,Fingers,Iaryiary,70.58823529411764,82.35294117647058,57.14285714285714,Faire - Apon
A Foot,Backie,a Boane,Backy,90.9090909090909,36.36363636363637,83.33333333333334,Blacke - Ita
The Belly,Penot,the Bellie,Penot,100.0,94.11764705882352,66.66666666666667,Pens - Calamp
The priuy part,Perot,Guts,Perot,100.0,25.0,60.0,Paper - Cartas
A Toe,Goumo,a Foote,Goumo,100.0,60.0,66.66666666666667,Go we - Mary
An Herbe,Oberbedil,Spicerie,Oberbedyl,100.0,40.0,53.333333333333336,a Beard - Tganga
Death,Mattu,DEath,Mattu,100.0,100.0,50.0,Two - Dua
Night,Malam,the Night,Malam,100.0,76.92307692307692,72.72727272727273,a Lampe - Palyta
To stretch out,Dusta,to Reache,Dusta,100.0,60.0,60.0,Ducks - Bebe
To remember,Engat,to Thinke,Engat,100.0,33.333333333333336,61.53846153846154,the Night - Malam
An Interpreter,Iorbissa,an Interpretor,Iorbissa,100.0,92.3076923076923,50.0,Ours - Quitabota
A Booke,Naymoda,a Swéetcheart,Nay moeda,93.33333333333333,22.22222222222222,57.14285714285714,Synamon - Caiumains
Better,Parma,Better,Parma,100.0,100.0,66.66666666666667,a Man - Orang
Great,Bazaer,Great,Basaer,83.33333333333334,100.0,61.53846153846154,A Dagger - Cryssen
Paper,Cartas,Paper,Cartas,100.0,100.0,62.5,Christians - Vrangy
Quils,Cazamp,Pens,Calamp,83.33333333333334,22.22222222222222,66.66666666666667,a Lampe - Palyta
Plates,Pienig,Dishes,Pyennig,92.3076923076923,33.333333333333336,60.0,Pens - Calamp
To eate,Makan,to Eate,Makan,100.0,100.0,66.66666666666667,a Man - Orang
Giue place,Lalan,Out of the way,Lalau,80.0,30.000000000000004,66.66666666666667,Alas - Saya
To choose,Damare,Chuse,Damare,100.0,61.53846153846154,60.0,a Man - Orang
Come yee,Maree,COme hither,Maree,100.0,70.58823529411764,66.66666666666667,Mace - Massa
Regard yee,Nanthy,Tarrie a little,Nanthy,100.0,45.45454545454546,71.42857142857143,Any thing - Bacabaren
Friendship,Pondarra,Friendship,Pondarra,100.0,100.0,53.333333333333336,to Marry - Barwin
To liue,Iagaua,to Liue,Lagaua,83.33333333333334,100.0,61.53846153846154,Goe a way - Tachghy
Let passe,Ganga,Leaue off,Ganga,100.0,53.333333333333336,76.92307692307692,Galingal - Lancuas
Neere hand,Gila,Néere,Gyla,100.0,71.42857142857143,60.0,Glasse - Lora
It is,Dalan,Yce,Dalan,100.0,28.57142857142857,66.66666666666667,Alas - Saya
Require it,Mynta,Aske it,Minta,100.0,40.0,54.54545454545454,a Smith - Goeda
Goe yee,Pegi,Go,Pegy,100.0,50.0,50.0,Eyes - Martye
Wee,Dep,Wée,Dep,100.0,100.0,57.14285714285714,Olde - Tua
Shee,Dya,They,Dya,100.0,50.0,50.0,DEath - Mattu
It is found,Botonvum,Found,Botonuum,100.0,71.42857142857143,57.14285714285714,Tongue - Ilat
To beat one another,Baccalayo,to Fight,Baccalayo,100.0,26.086956521739136,50.0,Calamus - Dirimguo
To pay,Chyny,Héere,Chyny,100.0,0.0,53.333333333333336,Christians - Vrangy
What say you,Abba-katt•,What say you,Abbacatta,82.35294117647058,100.0,57.14285714285714,a Boate - Prau
To giue,Berui,Giuen,Berny,80.0,72.72727272727273,60.0,Early - Pagy
To ashame,Malon,Ashamed,Malon,100.0,80.0,66.66666666666667,a Man - Orang
To arise,Passai,Put vp,Passai,100.0,16.666666666666664,54.54545454545454,to Pay - Chyny
Early,Pagi,Early,Pagy,100.0,100.0,66.66666666666667,to Pay - Chyny
Yesterday,Bulmari,YEasterday,Balmary,85.71428571428572,94.73684210526316,57.14285714285714,to Marry - Barwin
The other day,Bulmari-dula,two Dayes past,Balmarys d'aula,83.33333333333334,43.47826086956522,52.63157894736843,Hard waxe - Caiu Lacca
I haue,Ada,I Haue it,Ada,100.0,83.33333333333334,66.66666666666667,Sad - Chynta
To buy,Bilby,to Buye,Bilby,100.0,90.9090909090909,50.0,a Billet - Cayo
Strong,Cras,Strong,Cras,100.0,100.0,66.66666666666667,a Crab - Horra
Heauy,Brat,Heauie,Brat,100.0,90.9090909090909,66.66666666666667,Great - Basaer
To destroy,Ilan,to léese,Ilan,100.0,50.0,54.54545454545454,Synamon - Caiumains
We will goe,Maree,COme hither,Maree,100.0,31.57894736842105,66.66666666666667,Mace - Massa
I see,Green,COme hither,Maree,60.0,28.57142857142857,90.9090909090909,Gréene - Ise
Scarlet-cloth,Facca lata miera,Skarlet,Faccalata miera,100.0,63.1578947368421,50.0,a Lampe - Palyta
To be silent,Dyem,Kéepe silence,Dyem,100.0,54.54545454545454,66.66666666666667,to Dye - Bantaren
To obserue,Doduer,Beholde,Doduer,100.0,37.5,60.0,Go we - Mary
These,Itouven,HEe,Itowen,92.3076923076923,75.0,66.66666666666667,Giuen - Berny
To gaine,Menang,to Gaine,Menang,100.0,100.0,60.0,a Man - Orang
To liue,Iagana,Leaue off,Ganga,72.72727272727273,46.15384615384615,60.0,a Man - Orang
A Booke,Katab,Bookes,Kytab,80.0,83.33333333333334,60.0,a Crab - Horra
Sunday,Ionmaheet,the Sabbath day,Ionmahet,94.11764705882352,42.10526315789473,53.333333333333336,a Henne - Ayam
That couers the head,Kokodang,the Head,Kokodang,100.0,58.33333333333333,50.0,Good - Bayck
Where is it,Manauten,Where is it,Manaoden,75.0,100.0,57.14285714285714,a Boate - Prau
Leaue it,Iamgemast,Let it alone,Iangemast,88.88888888888889,47.05882352941176,57.14285714285714,Great - Basaer
To poyson,Ampo,to Forgiue,Ampo,100.0,47.05882352941176,60.0,a Lampe - Palyta
To burne,Baccar,to Burne,Baccar,100.0,100.0,60.0,a Cap - Nasse
Bring backe,Combali,BKing it againe,Combaly,100.0,52.17391304347826,57.14285714285714,to Marry - Barwin
Fire,Api,Fyer,Apy,100.0,75.0,60.0,a Pillow - Bantel
To kill,Benue,to Kill,Benue,100.0,100.0,60.0,LEaue - Sone
Needles,Caluenetten,Pinnes,Caluenetten,100.0,46.15384615384615,58.82352941176471,Sweete - Manys
Bags,Corni,Bagges,Corni,100.0,80.0,60.0,Money - Sarfy
Merchandize,Bayick,Good,Bayck,90.9090909090909,13.33333333333333,66.66666666666667,Blacke - Ita
A Bed,Bantell,a Pillow,Bantel,92.3076923076923,18.181818181818176,61.53846153846154,a Boane - Backy
Sloth,Checho,Beastinesse,Cheehoo,76.92307692307692,25.0,57.14285714285714,the Cough - Capello
How much,Bar appe Itu,How sell you that,Barappeitu,100.0,47.61904761904761,53.333333333333336,a Rope - Taly
Take it,Ambell,TAke away,Ambel,90.9090909090909,71.42857142857143,72.72727272727273,a Bull - Carboo
Whats done,Bigimana,How doe you,Bygimana,100.0,44.44444444444444,57.14285714285714,BKing it againe - Combaly
Hard Wax,Caju-••cta,Hard waxe,Caiu Lacca,75.0,93.33333333333333,62.5,a Cyuet Cat - Gatto d'algalia
Now,Baca-baren,Any thing,Bacabaren,100.0,18.181818181818176,57.14285714285714,a Crab - Horra
To sweare,Sempa,to Sweare,Sempa,100.0,100.0,60.0,SMall - Citghel
To helpe,Touloug,to Help,Toulong,85.71428571428572,92.3076923076923,61.53846153846154,to Liue - Lagaua
To sell,Iouwall,to Sell,Iou wal,92.3076923076923,100.0,60.0,You - Pakanera
To doe,Bretoon,to Make,Bretoun,85.71428571428572,54.54545454545454,50.0,Blood - Darna
Melancholy,Chinta,Sad,Chynta,100.0,15.384615384615385,62.5,Christians - Vrangy
To know,Kyunall,Know,Kiunal,92.3076923076923,80.0,61.53846153846154,to Kill - Benue
Well done,Soosa,Well,Sousa,80.0,66.66666666666667,54.54545454545454,Bookes - Kytab
I vnderstand not,Tyeda taw,I vnderstand it not,Tyeda tau,100.0,93.33333333333333,57.14285714285714,the Day - Arys
To vs,Quia bota,Ours,Quitabota,94.11764705882352,75.0,57.14285714285714,a Boane - Backy
Woe,Saya,Alas,Saya,100.0,0.0,57.14285714285714,Sad - Chynta
A good day,Tabea,Good morow,Tabea,100.0,47.05882352941176,72.72727272727273,a Beard - Tganga
To let bloud,Bewangdarner,to let Blood,Bewangdarner,100.0,90.0,52.63157894736843,to Burne - Baccar
Not good,Tieda-bayck,not Good,Tyeda bayck,100.0,100.0,62.5,the Day - Arys
Betimes,Ysouck,to Morrow,Ysouck,100.0,26.66666666666667,72.72727272727273,Is out - Pacasuyra
Giue thankes,"Tarrima, Casse",I Thanke you,Tarrima casse,100.0,66.66666666666667,56.00000000000001,Tarrie a little - Nanthy
Haire,Ramboyet,Hayre of the head,Ramboret,87.5,52.63157894736843,76.92307692307692,a Boye - Catsion
To die,Bantaren,to Dye,Bantaren,100.0,100.0,61.53846153846154,an Ore - Saby
I am sicke,Bite-secata,I am sicke,Byte secata,100.0,100.0,53.333333333333336,Téeth - Anton
To question,Betangia,to Demaunde,Betaugia,87.5,40.0,50.0,Galingal - Lancuas
I care,Tage,KEepe good watch,Tage,100.0,10.526315789473683,61.53846153846154,Strangers - Oranleyo
I haue not,Tyeda-da,I haue it not,Tyetada,85.71428571428572,88.88888888888889,61.53846153846154,the Day - Arys
I desire not,Tyeda-•aw,I Desire it not,Tyeda mau,93.33333333333333,90.9090909090909,61.53846153846154,the Day - Arys
All,Samoanga,ALtogether,Samoanga,100.0,30.76923076923077,66.66666666666667,a Man - Orang
To spin,Tyeda,NO,Tieda,100.0,25.0,72.72727272727273,the Day - Arys
Little,Kitchill,Small,Kytchyl,93.33333333333333,36.36363636363637,57.14285714285714,to Kill - Benue
Farewell,Tyngall,God be with you,Tyngal,92.3076923076923,19.999999999999996,66.66666666666667,Galingal - Lancuas
PEpper,Syhang,PEpper,Syhang,100.0,100.0,61.53846153846154,Synamon - Caiumains
Mace,Massa,Mace,Massa,100.0,100.0,54.54545454545454,Glasse - Lora
Sweet Nuts,Pall•,Nutmegs,Palla,88.88888888888889,50.0,66.66666666666667,a Bull - Carboo
Cloues,Syanck,Cloues,Syancke,92.3076923076923,100.0,72.72727272727273,Sicke - Sabyt
Water,Eyer,Water,Eyer,100.0,100.0,75.0,Eyes - Martye
Siluer,Salorcka▪,Siluer,Salorcka,100.0,100.0,61.53846153846154,a Lord - Queay
A Royall of eight,Serpy,Péeces of 8,Serpy,100.0,18.181818181818176,61.53846153846154,Spicerie - Oberbedyl
Fish,Iuack,Fish,Ivack,100.0,100.0,61.53846153846154,I am sicke - Byte secata
Champions,Crissen,A Dagger,Cryssen,100.0,12.5,60.0,Rye - Balacca
A Ship,Capell•,the Cough,Capello,92.3076923076923,15.384615384615385,61.53846153846154,a Pillow - Bantel
It is the least,Courang,There is too little,Courang,100.0,42.85714285714286,66.66666666666667,Young - Monda
A great torment,Bedil besar,A great péece of Ordnance,Bedyl besar,100.0,52.94117647058824,57.14285714285714,Eyes - Martye
A Gun,Py•sil,A Gun or Péece,Bytsyl,72.72727272727273,53.333333333333336,54.54545454545454,Pinnes - Caluenetten
Meate,Mackan,To eate,Mackan,100.0,72.72727272727273,66.66666666666667,a Marchant - Fetor
Paper,Cartaes,Paper,Cartaes,100.0,100.0,66.66666666666667,Eares - Talynga
Wine,Arack,Wine,Arac,88.88888888888889,100.0,60.0,a Crab - Horra
A Sow,Sieleng,A Hogge,Sieleng,100.0,40.0,66.66666666666667,Seuen - Toufiou
An Oxe,Alomba,An Oxe,Alomba,100.0,100.0,66.66666666666667,a Woman - Paranpoan
Christians,Vrangy,Christians,Vrangy,100.0,100.0,54.54545454545454,a King - Rutgee
Strangers,Oranleya,Strangers,Oranleyo,87.5,100.0,61.53846153846154,Money - Sarfy
ONe,Satu,One,Satu,100.0,100.0,66.66666666666667,Salte - Matary
Two,Dua,Two,Dua,100.0,100.0,54.54545454545454,Hard waxe - Caiu Lacca
Three,Tiga,Thrée,Tyga,100.0,100.0,54.54545454545454,to Fight - Baccalayo
Foure,Enpat,Foure,Enpat,100.0,100.0,60.0,DEath - Mattu
Fiue,Lyma,Fiue,Lyma,100.0,100.0,75.0,Lyme - Capyer
Sixe,Nam,Sixe,Nam,100.0,100.0,60.0,Synamon - Caiumains
Seuen,Tousiou,Seuen,Toufiou,85.71428571428572,100.0,66.66666666666667,to Win - Menang
Eight,De lappan,Eyght,Delappan,100.0,100.0,50.0,a Man - Orang
Nine,Sambalan,Nine,Sambalan,100.0,100.0,66.66666666666667,a Man - Orang
Ten,Sapola,Ten,Sapolo,83.33333333333334,100.0,60.0,Alas - Saya
Eleuen,Sabalas,Eleuen,Sabalas,100.0,100.0,72.72727272727273,Alas - Saya
Twelue,Dua-balas,Twelue,Duo balas,87.5,100.0,66.66666666666667,Alas - Saya
Thirteene,Tiga-balas,Thirtéene,Tyga balas,100.0,100.0,61.53846153846154,Alas - Saya
Fourteen,Enpat-balas,Fouretéene,Enpat balas,100.0,88.88888888888889,57.14285714285714,Alas - Saya
Fifteene,Lyma-balas,Fiftéene,Lyma balas,100.0,100.0,61.53846153846154,Alas - Saya
Sixteene,Nam-balas,Sixtéene,Nane balas,82.35294117647058,100.0,66.66666666666667,Alas - Saya
Seuenteene,Toufiou-balas,Seuentéene,Toufiou balas,100.0,100.0,57.14285714285714,"Woe, or alas - Saya"
Eighteene,De lappan-balas,Eyghtéene,Delappan balas,100.0,100.0,47.05882352941176,Alas - Saya
Nineteene,Sambalam-balas,Ninetéene,Sambalan balas,92.3076923076923,100.0,55.55555555555556,SMall - Citghel
Twentie,Dua-pola,Twentie,Dua pola,100.0,100.0,54.54545454545454,Alas - Saya
Twentie one,Dua-pola-satu,One and twentie,Dua pola satu,100.0,60.86956521739131,53.333333333333336,Alas - Saya
Twentie two,Dua pola-dua,Two and twentie,Dua pola dua,100.0,60.86956521739131,47.05882352941176,Calamus - Dirimguo
Twentie three,Dua pola-tiga,Thrée and twentie,Dua pola tyga,100.0,51.85185185185186,52.63157894736843,Galingal - Lancuas
twenty foure,Dua pola-enpat,Foure and twentie,Dua pola en pat,100.0,53.84615384615385,63.63636363636363,an Olephant - Catgha
Twenty fiue,"Dua pola-lyma, &c",Fiue and twentie,Dua pola lyma,95.65217391304348,58.33333333333333,47.61904761904761,"Woe, or alas - Saya"
