page,inv,scan,table,pair_lines,inline,forms,glosses
NL-HaNA_1.04.02_3012_0461,3012,0461,7,8,0,angodde anthonika boiider hattana kellenimoelle keruilliuuatte koedabaltgamme radage,broeder dorp dorss haar moeder urouuu uuasser
NL-HaNA_1.04.02_9793_0437,9793,0437,7,7,0,demarocko hauermanties kulies latoencoper rinieuuiin roodemuntsen ziidsebooter,acht drie een hondert thien tuuee uier
NL-HaNA_1.04.02_3518_0339,3518,0339,4,4,1,bezeekenende peroen quirt teile,een ten tuuee uier
NL-HaNA_1.04.02_3907_0327,3907,0327,6,9,0,bopsen brusselsant enkelke paktroontassen roodaurde tromspaanders uloeg uuitkuuasten zeemkere zuuaartouuuen,drie een hondert tuuee uier uiis
NL-HaNA_1.04.02_1128_0355,1128,0355,5,4,0,dierougii duuettiis madacous porses stanchiits tachentich,een gross hondt ses seuen
NL-HaNA_1.04.02_2859_0261,2859,0261,5,5,0,kroezen pasem peesem roodaart zeiisser,een hondert ses thien uiis
NL-HaNA_1.04.02_3012_0465,3012,0465,5,9,0,bellegamme bernando doeminga filippae haaruader kittanpauuue louiia mahabaetgamme radage,broeder dorp moeder urouuu uuasser
NL-HaNA_1.04.02_3907_0267,3907,0267,5,5,0,auuatagoes berigtigen cabagen hoosddoeken oienganuua opperkoelii pesseren,dorp drie een haar riuier
NL-HaNA_1.04.02_4089_0143,4089,0143,5,4,0,brittain brittisch burthen merchandises mounted tuuintii,great hundred mer one uuit
NL-HaNA_1.04.02_4319_0384,4319,0384,5,8,0,adire chargement milliers preparasion quinte quoique seconder suporse,bled mais pain son tres
NL-HaNA_1.04.02_8880_1358,8880,1358,5,5,0,ankerstocke bekuuiin brandeglaasen sagriin uerreekeiikers uertiel,een thien uier uiis uoet
NL-HaNA_1.04.02_9474_0941,9474,0941,5,4,0,arriuammes etonnement gauche mattin tournammes,bon grande mais pies terre
NL-HaNA_1.04.02_10012_0334,10012,0334,4,6,0,castorcum catechie colilauuang distell guasaci iapanica,een terra tuuee uiis
NL-HaNA_1.04.02_10810_0060,10810,0060,4,6,0,coeltsen macolle negeriities tembie uueigers,een riuier thien tuuee
NL-HaNA_1.04.02_1085_0783,1085,0783,0,0,2,buiickies eggersz,
NL-HaNA_1.04.02_1340_0721,1340,0721,4,4,0,barseloorze coetchinze uoordo zegelback,dos drie root tuuee
NL-HaNA_1.04.02_1369_0447,1369,0447,0,0,2,pourna riberoarange,
NL-HaNA_1.04.02_1369_0642,1369,0642,0,0,2,tonamsia tonietsia,
NL-HaNA_1.04.02_1369_0879,1369,0879,0,0,2,langaiiangh montangh,
NL-HaNA_1.04.02_1399_0150,1399,0150,0,1,2,manchiant naiiagen nebbii,haar
NL-HaNA_1.04.02_1408_0634,1408,0634,0,0,2,inganocamis siongonocamis,
NL-HaNA_1.04.02_1408_0933,1408,0933,4,5,0,ageuuoonten dreiigdaen geuerceert tiiduan uierdehoor,een haar man ten
NL-HaNA_1.04.02_1546_0762,1546,0762,4,4,0,caniis gemetselden souuerainteiit uoltbiiden,een groot ten uoet
NL-HaNA_1.04.02_1546_1044,1546,1044,4,8,0,aensiel aentetasten assniidingh iesuilen kantuuerk sarmuiisen toorens tuuingtigh,drie een ses uier
NL-HaNA_1.04.02_1898_0354,1898,0354,4,4,0,dansseresse dansten suuellingh uoorboode uuaerinden,een groot komen uoeten
NL-HaNA_1.04.02_2101_0017,2101,0017,4,4,0,datieduiigen reeptouuu seekaarten sumateraatse uuantouuu,acht drie een hondert
NL-HaNA_1.04.02_2114_0286,2114,0286,4,4,0,destighird kladie nieuuuescort teugtie,een man ten uuater
NL-HaNA_1.04.02_2329_0030,2329,0030,4,4,0,decertacto dichos hinan iglessia moneda peltrechos sioneros,dos mar ocho siete
NL-HaNA_1.04.02_2329_0173,2329,0173,4,4,0,adroiture autgeeren demenscheliike opsettentheiit zekerliike,een meer ten uoet
NL-HaNA_1.04.02_2469_1057,2469,1057,4,4,0,clakte houduerkling midelbare pennemesse,drie een tuuee uier
NL-HaNA_1.04.02_2654_0924,2654,0924,4,5,0,duisendt gessiapaats niguiniassen salmposen,een hondert ses seuen uier
NL-HaNA_1.04.02_2748_0186,2748,0186,4,7,0,bauende gesmet heleonderges kosins kossiin onderele tuiissel,een haar tuuee uier
NL-HaNA_1.04.02_2855_0049,2855,0049,4,5,0,canthaaid cenna imporatoria seuestice storap,ses sol thien uiis
NL-HaNA_1.04.02_3012_0462,3012,0462,4,10,0,doeminga goestinioe kittanpauuue koedaboetgamme kottoeuuille mahaboetgamme molleriauue sernandoe uiegera uuenneuuatte,broeder dorp uader urouuu
NL-HaNA_1.04.02_3012_0463,3012,0463,4,4,0,gottettoeuue ioeliana lourensoe theundersec,aug broeder dorp suster
NL-HaNA_1.04.02_3012_0464,3012,0464,4,5,0,barandiuuatte doemingoe ettena hanima kollonauue,broeder dorp suster urouuu
NL-HaNA_1.04.02_3518_0108,3518,0108,4,5,0,assign disike eenseuen romise suuuers temisse zekuure,een hondert uier zee
NL-HaNA_1.04.02_3518_0412,3518,0412,4,5,0,aenhon bedeekenende berech ducatin dukatins,drie een hondert ses
NL-HaNA_1.04.02_3518_0414,3518,0414,4,4,0,ducatins sluiiurs sluiurs ueerties,drie een hondert thien uiis
NL-HaNA_1.04.02_3518_0418,3518,0418,4,4,0,aerraelie catens dekatons siieda,een seuen tuuee uiis
NL-HaNA_1.04.02_3736_0128,3736,0128,4,5,0,asstrooming berton drera tattebossen uueersharten,riuier steen tuuee zee
NL-HaNA_1.04.02_3894_0369,3894,0369,4,7,0,daakt handkloppers handmookers klipbooren maatstokken metssen uuaaterpassen,drie thien tuuee uier
NL-HaNA_1.04.02_3907_0328,3907,0328,4,4,0,gaauan kruitzeeuen seerquasten uierslaagen,drie een hondert ten tuuee uiis
NL-HaNA_1.04.02_3968_1069,3968,1069,4,4,0,banioeuuargie geponden onderkleede onderkleedehan,een hoosd ten uuit
NL-HaNA_1.04.02_3968_1137,3968,1137,4,4,0,barioeuuangie cammisoels geponden namaale,een hoosd ten tuuee
NL-HaNA_1.04.02_4089_0141,4089,0141,4,4,0,burthen called sherrouu thousand tuuintii,good hundred one seuen
NL-HaNA_1.04.02_4089_0405,4089,0405,4,4,0,dragondert emsileeren kollingen reduiten,een ten tuuee zee
NL-HaNA_1.04.02_4277_0382,4277,0382,4,4,0,deskonings koningsuueegen maaindag mauendaue tslaauen,een man moeder riuier
NL-HaNA_1.04.02_4348_0187,4348,0187,4,6,0,agtertangen bankschroeu osseuuagens spierhaak uuagennauen uuagenspaaken,drie een ses uier
NL-HaNA_1.04.02_4350_0560,4350,0560,4,5,0,eloigne monsieus nourrio penser recrues sergente soussigne,quatre son terre tres
NL-HaNA_1.04.02_7659_1031,7659,1031,4,6,0,bergurouuu cassoeniartan madaera uuargantacka uuierabaiia uuirotamma,een moeder oor soon
NL-HaNA_1.04.02_8440_0449,8440,0449,4,4,0,haiiuellen oualen pauken puiimsteenen,mond thien tuuee uiis
NL-HaNA_1.04.02_8870_0348,8870,0348,4,4,0,balansies maschouten pandenroes tregterties,drie hondert ses tuuee
NL-HaNA_1.04.02_8937_0335,8937,0335,4,8,0,goddeuu koongauu maiiraal marembe midigamme motetto pategamme talgagodde uuiisoen,dorp drie een uier
NL-HaNA_1.04.02_8937_0339,8937,0339,4,4,0,haupemauuelle kitoelampitie maiiraal moletto,dies dorp een tuuee
NL-HaNA_1.04.02_9032_1765,9032,1765,4,4,0,bbeleagts cottadicarre ongintresseert plegtel,een haar seuen ten
NL-HaNA_1.04.02_9338_0651,9338,0651,4,5,0,gommeron rommerons schunckagie seegroen siauuuels,een essen tuuee uier
NL-HaNA_1.04.02_9338_0746,9338,0746,4,4,0,duiisenteen gerechtelik kartende schiegen,een hoost meer ten tuuee
NL-HaNA_1.04.02_9338_1080,9338,1080,4,4,0,geiurieerder inuurien rechterhant schuei,aller een meer siue
NL-HaNA_1.04.02_9474_0940,9474,0940,4,5,0,aegierie appercummes auencant continuames dappiendre summes surpris trouuammes,mais riuiere terre tres
NL-HaNA_1.04.02_9483_0708,9483,0708,4,5,0,agtenneegentig enneegentig ennegentigh gentigh neegentigh negentigt,drie hondert ses uier
NL-HaNA_1.04.02_9793_0357,9793,0357,4,4,0,aduanceen assgehaalde doutrien haekies,drie haar meer tuuee
