id,language_as_named,glottocode,author,title,year,kind,location_as_stated,in_glottolog,status,priority,notes,url
fa3c54e9-eee8-46b0-a47d-866524cd2ca1,Malay; 'Cambrian speech used in America',zsm/unclear,,Vocabulary of Malayan numbers and phrases and 'Welsh' speech used in America,ca.1662,manuscript,Lancashire Archives DDHK 9/2/13,no,forgotten,1,"Reused as wrapper for James Parker's wood accounts, Cross Hall (Hesketh papers). 'Welsh in America' likely Madoc-legend list (cf. Morgan Jones 1686); early Malay numerals. No web hit found.",https://discovery.nationalarchives.gov.uk/details/r/fa3c54e9-eee8-46b0-a47d-866524cd2ca1
e79c48f4-b952-4355-95a4-19672f36ff5f,Port Essington dialect,iwai1244,"Vallack (mate, HMS Britomart)","Vocabulary of dialect spoken at Port Essington, pp.1-9",1840,manuscript,RGS JMS/13/27 (cover letter RGS/CB2/506),no,forgotten,1,"RGS note: recommended for publication, publication not traced. Glottolog has Earl 1853 but not Vallack.",https://discovery.nationalarchives.gov.uk/details/r/e79c48f4-b952-4355-95a4-19672f36ff5f
C3752729,Chinese (commercial); Spanish,yuec1235?,John Scattergood,Chinese and Spanish commercial vocabularies,1698-1719,manuscript,TNA C 106/170-171 (Chancery Masters' exhibits),unclear,unclear,2,Early English China trader; may contain Cantonese/pidgin trade terms. Needs inspection.,https://discovery.nationalarchives.gov.uk/details/r/C3752729
f6ccf974-58f1-435a-9835-d088ed65180e,Delagoa language,rong1268,W.F.W. Owen (HMS Leven),A Small Vocabulary of the Delagoa Language,1823,manuscript,UKHO MP 91/10,no,known_elsewhere,3,Owen survey; probably source of printed list in Owen 1833 / Boteler 1835 (Boteler in Glottolog).,https://discovery.nationalarchives.gov.uk/details/r/f6ccf974-58f1-435a-9835-d088ed65180e
N13725114,Pacific Islands languages,,HMS Herald officers,"journal of HMS Herald, vocabularies of Pacific Islands",1852-1855,manuscript,"Admiralty Library MSS 23, 73/4, 74/3",no,unclear,2,"Denham's Herald survey (Fiji, Vanuatu, Coral Sea). Contents unspecified.",https://discovery.nationalarchives.gov.uk/details/r/N13725114
6d81ce33-c1b3-4539-97a8-d9a01ea9e1f0,Columbia River native language,chin1286?,A. De Horsey & J.E. Montgomerie (HMS Modeste),vocabulary of the native language,1844-1848,manuscript,UKHO LP1857 D/289; RGS/CB3/34,no,unclear,2,Not in Glottolog Chinook refs; may be Chinook Jargon.,https://discovery.nationalarchives.gov.uk/details/r/6d81ce33-c1b3-4539-97a8-d9a01ea9e1f0
d73422c5-6527-4209-9b93-a29e1e91221d,Greenlandic,kala1399,,Greenland - Eskimo Vocabulary,1853,manuscript,UKHO OD 59,unclear,unclear,3,Franklin-search era; well documented language.,https://discovery.nationalarchives.gov.uk/details/r/d73422c5-6527-4209-9b93-a29e1e91221d
ce10d0e8-1934-4a00-8eb0-7ca1bb4daf22,Adelaide natives,kaur1267,G.W. Earl,Specimen of the language of the natives of Adelaide (16 words),1839,manuscript,RGS JMS/13/22,no,forgotten,3,Unpublished; tiny.,https://discovery.nationalarchives.gov.uk/details/r/ce10d0e8-1934-4a00-8eb0-7ca1bb4daf22
N13750467,Central Australian Aboriginal,,Charles Sturt expedition papers,vocabularies of Aboriginal language,1844-48,manuscript,Bodleian 6600 (NRA),unclear,unclear,3,Sturt's central Australian expedition.,https://discovery.nationalarchives.gov.uk/details/r/N13750467
C3741269,Lieou Kieou (Okinawan),cent2126,H.J. Clifford,Vocabulary of the Language spoken at Great Lieou Kieou,1816,manuscript,TNA ADM 7/849,yes,known_elsewhere,5,Autograph of printed Clifford 1818.,https://discovery.nationalarchives.gov.uk/details/r/C3741269
C3652929,Yule Indians,bord1248,E. Cullen,Vocabulary. Yule Indians' Language,1851,printed (FO confidential),TNA FO 881/251,yes,known_elsewhere,5,,https://discovery.nationalarchives.gov.uk/details/r/C3652929
5f7982f9-c7ea-4f96-8c44-7a4dfb55b033,Kisar,kisa1266,G.W. Earl,vocabulary of dialect of natives of Kissa,1841,manuscript,RGS JMS/13/28,yes,known_elsewhere,5,,https://discovery.nationalarchives.gov.uk/details/r/5f7982f9-c7ea-4f96-8c44-7a4dfb55b033
28bc0940-923c-467a-ba94-97ee36162972,Vai,vaii1241,F.E. Forbes,"Vocabulary of the native language, Bohmar",1849,manuscript,RGS JMS/1/33,yes,known_elsewhere,5,published JRGS,https://discovery.nationalarchives.gov.uk/details/r/28bc0940-923c-467a-ba94-97ee36162972
8087fdfb-af23-472e-baec-8c4e97774249,Mandingo,mand1436,(MacBrair?),A vocabulary of the Mandingo Language,1837,manuscript,RGS LMS L 6,unclear,known_elsewhere,4,MacBrair printed Mandingo grammar 1837/1842,https://discovery.nationalarchives.gov.uk/details/r/8087fdfb-af23-472e-baec-8c4e97774249
3647c947-d37a-4f25-aba8-73a265c4ef91,SW Australia,nyun1247,G. Grey,Vocabulary of SW Australia,1839,manuscript,RGS JMS/13/25,yes,known_elsewhere,5,printed,https://discovery.nationalarchives.gov.uk/details/r/3647c947-d37a-4f25-aba8-73a265c4ef91
4d16de72-fda6-4ec2-b404-e6e0bfbeb11e,NW coast America,,J. Scouler,Vocabularies,1841,manuscript,RGS JMS/4/17,yes,known_elsewhere,5,printed JRGS 11,https://discovery.nationalarchives.gov.uk/details/r/4d16de72-fda6-4ec2-b404-e6e0bfbeb11e
87a0e560-f79d-4dfa-a535-d591bfd28a2a,Tamil,tami1289,Pere Dominique,Dictionaire et Gramaire Francois Tamoul,1743,manuscript,BL Mss Eur J770,unclear,unclear,4,,https://discovery.nationalarchives.gov.uk/details/r/87a0e560-f79d-4dfa-a535-d591bfd28a2a
52,Malayalam,mala1464,,Malabari grammars and vocabularies,1793-1796,manuscript,BL Mss Eur K190,unclear,unclear,4,,https://discovery.nationalarchives.gov.uk/details/r/52
1976f8b1-109a-4269-8f55-85cdcc7e5c00,Quichua,quec1387,C.R. Markham,Quichua vocabulary,1860,manuscript,RGS CRM/67,unclear,known_elsewhere,4,,https://discovery.nationalarchives.gov.uk/details/r/1976f8b1-109a-4269-8f55-85cdcc7e5c00
06c5ab8c-1115-4353-99aa-182198a72358,South American Indian languages,,R. Spruce,vocabulary and notes,1849-1862,manuscript,RGS RSP,unclear,unclear,3,Spruce papers; Tarapoto,https://discovery.nationalarchives.gov.uk/details/r/06c5ab8c-1115-4353-99aa-182198a72358
