work,n_mentions,language,modern_id,kind,compiler,place,years,statuses,copy_in_archive,scans,note
cat-sinhala-dictionary,188,"Cingalees, mallabaers, portugees, hollants",Sinhala–Dutch with Tamil and Portuguese,dictionary,"Simon Cat (supervisor), native interpreters, mestizo scribe Pieter Gaes",Colombo,1694 1745 1757 ~1691 ~1693 ~1694,in preparation; mentioned; sent as enclosure,False,NL-HaNA_1.04.02_10055_0070 NL-HaNA_1.04.02_1470_0491 NL-HaNA_1.04.02_1525_0573 NL-HaNA_1.04.02_1543_0032 NL-HaNA_1.04.02_1544_0649 NL-HaNA_1.04.02_1544_0650 NL-HaNA_1.04.02_1544_0651 NL-HaNA_1.04.02_1544_0652 NL-HaNA_1.04.02_1544_0653 NL-HaNA_1.04.02_1544_0654 NL-HaNA_1.04.02_1544_0655 NL-HaNA_1.04.02_1544_0656,"Full text of Simon Cat's 1694 vertoog to the Colombo governor and council on the first Dutch–Sinhala/Sinhala–Dutch dictionaries for the Sinhala seminary (method: slips of paper; sources: Portuguese–Sinhala MS ascribed to P. Pero Borgan, De Vooght/De Meij Dutch–Tamil, Portuguese–Tamil, Proença; mentions Sinhala 'akkaradi' glossary)."
jaffna-tamil-grammar,66,Mallabaars,Tamil,grammar,Jaffna predikanten,Jaffnapatnam,1716 ~1713 ~1715 ~1720s,mentioned,False,NL-HaNA_1.04.02_10034_0052 NL-HaNA_1.04.02_10034_0054 NL-HaNA_1.04.02_1824_0250 NL-HaNA_1.04.02_1824_0254 NL-HaNA_1.04.02_1824_0258 NL-HaNA_1.04.02_1864_0297 NL-HaNA_1.04.02_1864_0298 NL-HaNA_1.04.02_1864_0681 NL-HaNA_1.04.02_1864_0964 NL-HaNA_1.04.02_1864_0968 NL-HaNA_1.04.02_1864_0979 NL-HaNA_1.04.02_1864_0985,"Kramer case: proponent Kramer neglected the Tamil grammar and dictionary compiled by Jaffna ministers, learning from the Tiwagaram instead (Ceylon letter 13 Feb 1716)."
jaffna-tamil-dictionary,51,mallabaars en nederduijts,Tamil-Dutch,dictionary,Jaffna predikanten (Simon Cat et al.),Jaffnapatnam,1692 ~1671 ~1690 ~1691 ~1694 ~1697,in preparation; mentioned; requested; sent as enclosure,False,NL-HaNA_1.04.02_1280_0121 NL-HaNA_1.04.02_1469_1024 NL-HaNA_1.04.02_1470_0113 NL-HaNA_1.04.02_1470_0490 NL-HaNA_1.04.02_1470_0491 NL-HaNA_1.04.02_1470_0510 NL-HaNA_1.04.02_1478_0660 NL-HaNA_1.04.02_1479_1120 NL-HaNA_1.04.02_1506_0266 NL-HaNA_1.04.02_1543_0099 NL-HaNA_1.04.02_1544_0663 NL-HaNA_1.04.02_1544_0664,"Ceylon report: De Vooght's Dutch–Malabar dictionary copied and reordered by Malabar alphabet at Van Goens Jr.'s request, shown to Commissioner-general Van Reede at Jaffna; De Meij to perfect it."
vocabulario-lusitano-tamulico-ms,50,Portugees en Mallabaers (vocabulario lusitano tamulico),Portuguese-Tamil,dictionary,anonymous Portuguese priest on the Coromandel coast,Coromandel; copy in Ceylon,~1693 ~1694,mentioned,False,NL-HaNA_1.04.02_1525_0573 NL-HaNA_1.04.02_1544_0215 NL-HaNA_1.04.02_1544_0650 NL-HaNA_1.04.02_1544_0651 NL-HaNA_1.04.02_1544_0652 NL-HaNA_1.04.02_1544_0653 NL-HaNA_1.04.02_1544_0677 NL-HaNA_1.04.02_1544_0681 NL-HaNA_1.04.02_1544_0682 NL-HaNA_1.04.02_1544_0692 NL-HaNA_1.04.02_1544_0693 NL-HaNA_1.04.02_1544_0694,"Manuscript Portuguese-Tamil vocabulary by a Portuguese priest, copied and used by Simon Kat as the base for his Sinhala dictionary."
colombo-sinhala-dictionary-1750s,32,singaleesch,Sinhala,dictionary,"Wermelskircher / Colombo consistory revisers (Bronsveld, Sybrandus)",Colombo,1751 1757 1758 ~1752 ~1757 ~1758,in preparation; mentioned; printed/printing; requested,False,NL-HaNA_1.04.02_10054_0299 NL-HaNA_1.04.02_10054_0719 NL-HaNA_1.04.02_10054_0720 NL-HaNA_1.04.02_10055_0066 NL-HaNA_1.04.02_10055_0216 NL-HaNA_1.04.02_10057_0100 NL-HaNA_1.04.02_10057_0101 NL-HaNA_1.04.02_2756_0050 NL-HaNA_1.04.02_2772_0643 NL-HaNA_1.04.02_2899_0383 NL-HaNA_1.04.02_2899_0384 NL-HaNA_1.04.02_2903_0364,"Book inventory dated 4 Oct 1757 listing a Portuguese–Sinhala dictionary (defect), Sinhala–Portuguese, Sinhala–Dutch, and a 4-language Portuguese–Malabar–Sinhala–Dutch dictionary (defect), plus Comenius in Dutch/Sinhala."
werndly-malay-grammar-1736,30,maleijdse,Malay,grammar,George Hendrik Werndly,Amsterdam (printed Wetstein); shipped to Asia,1736 1778 1779 ~1730s ~1740 ~1740s,mentioned; printed/printing; requested,False,NL-HaNA_1.04.02_2395_0914 NL-HaNA_1.04.02_2395_0934 NL-HaNA_1.04.02_2395_0941 NL-HaNA_1.04.02_2398_0487 NL-HaNA_1.04.02_2398_0488 NL-HaNA_1.04.02_2398_0501 NL-HaNA_1.04.02_2465_1070 NL-HaNA_1.04.02_2465_1076 NL-HaNA_1.04.02_2500_1484 NL-HaNA_1.04.02_2500_1502 NL-HaNA_1.04.02_2530_0802 NL-HaNA_1.04.02_2740_0151,"Scholarchs' notice of school books to be requested from Batavia curators: 20 copies of Werndly's Maleische Spraakkunst (Amst. 1736), alongside Portuguese catechisms."
ruell-sinhala-grammar,19,Singalees,Sinhala,grammar,Johannes Ruell,Colombo,1699 1716 1717 ~1700 ~1705 ~1718,copy appears on this page; mentioned; sent as enclosure,True,NL-HaNA_1.04.02_10036_0243 NL-HaNA_1.04.02_10055_0007 NL-HaNA_1.04.02_1615A_0241 NL-HaNA_1.04.02_1616_0386 NL-HaNA_1.04.02_1616_0387 NL-HaNA_1.04.02_1616_0548 NL-HaNA_1.04.02_1616_0658 NL-HaNA_1.04.02_1616_0725 NL-HaNA_1.04.02_1632_0356 NL-HaNA_1.04.02_1639_0032 NL-HaNA_1.04.02_1908_0938 NL-HaNA_1.04.02_1916_0147,"Letter of Gisbert Ferreris 8 Dec 1699: Ruell's grammar of the land language, dedicated to the directors, goes outside the packet as no. 26."
roman-malay-vocabulary,14,Romans Vocabularium (Malay),Malay-Dutch,vocabulary,Johannes Roman,,1740 1741 ~1709 ~1736 ~1737 ~1738,mentioned,False,NL-HaNA_1.04.02_1767_0564 NL-HaNA_1.04.02_2313_1655 NL-HaNA_1.04.02_2344_0377 NL-HaNA_1.04.02_2380_1376 NL-HaNA_1.04.02_2465_1461 NL-HaNA_1.04.02_2500_0049 NL-HaNA_1.04.02_2515_0774 NL-HaNA_1.04.02_2548_1668 NL-HaNA_1.04.02_7843_0971 NL-HaNA_1.04.02_7843_1479 NL-HaNA_1.04.02_8105_0764 NL-HaNA_1.04.02_8111_0619,Roman's Malay vocabulary/grammar listed in a book stock/demand list ('romans vocabulariums') alongside Malay bibles and catechisms.
borgim-cat-sinhala-grammar,11,singaleesch,Sinhala,grammar,"Pedro de Borgim, augmented by Simon Cat",Colombo,1645 1645 (copy 1694) 1695 1757 1758 ~1697,copy appears on this page; in preparation; mentioned,True,NL-HaNA_1.04.02_10055_0070 NL-HaNA_1.04.02_10057_0100 NL-HaNA_1.04.02_10057_0101 NL-HaNA_1.04.02_1544_0674 NL-HaNA_1.04.02_1591_0503 NL-HaNA_1.04.02_1591_0504 NL-HaNA_1.04.02_1616_0451 NL-HaNA_1.04.02_1652_0178 NL-HaNA_1.04.02_2899_0383 NL-HaNA_1.04.02_9925_0204,Simon Cat (1694) reports via Isaac de St Martin that a Portuguese priest made a Sinhala grammar in 1645 for the padres; also linked to a Portuguese–Sinhala MS dictionary copied by Wickremasinghe mudaliyar Dom Antonio.
danckaerts-malay-dictionary-1623,10,Maleijts,Malay-Dutch,dictionary,Sebastiaen Danckaerts (aug. Justus Heurnius),The Hague / Batavia,~1647 ~1700,mentioned; requested,False,NL-HaNA_1.04.02_1155_0896 NL-HaNA_1.04.02_1161_0993 NL-HaNA_1.04.02_1614_0042 NL-HaNA_1.04.02_1614_0045 NL-HaNA_1.04.02_1614_0047 NL-HaNA_1.04.02_1614_0048 NL-HaNA_1.04.02_1614_0049 NL-HaNA_1.04.02_1614_0061,"Malay-language controversy (Leydecker vs Valentijn): Danckaerts/Wiltens dictionary augmented by Heurnius (1650), Roman's grammar, a Malay dictionary printed at Rome (Haex 1631), Hodenpijl copy."
elbracht-persian-grammar-1778,9,Persiaansche,Persian (Persian-English->Dutch),grammar,Casparus Leonardus Elbracht (translator),"Hugli, Bengal",1778 1779,requested; sent as enclosure,False,NL-HaNA_1.04.02_3509_0201 NL-HaNA_1.04.02_3509_0203 NL-HaNA_1.04.02_3509_0253 NL-HaNA_1.04.02_3510_0438 NL-HaNA_1.04.02_3536_0605 NL-HaNA_1.04.02_9584_0104 NL-HaNA_1.04.02_9589_0735,"Dutch translation of a Persian grammar from Persian and English (prob. W. Jones 1771) by Persian translator Elbracht, offered among enclosures to the Gentlemen XVII, asking reward."
tivakaram,7,Mallabaars,Tamil,dictionary,traditional Tamil nighantu,Jaffnapatnam,1692 1716 ~1713 ~1720s,mentioned,False,NL-HaNA_1.04.02_1506_0409 NL-HaNA_1.04.02_1506_0423 NL-HaNA_1.04.02_1864_0953 NL-HaNA_1.04.02_9742_0766 NL-HaNA_1.04.02_9791_0498 NL-HaNA_1.04.02_9791_0512,"Description of Tamil school curriculum: Tivakaram, a 12-chapter vocabulary for poets."
proenca-vocabulario-tamulico-lusitano-1679,6,Tamil (Malabaars) - Portuguese,Tamil-Portuguese,dictionary,Antão de Proença SJ,Coromandel/Madurai mission; copy in Ceylon,~1694,mentioned,False,NL-HaNA_1.04.02_1544_0677 NL-HaNA_1.04.02_1544_0706 NL-HaNA_1.04.02_1544_0718 NL-HaNA_1.04.02_9743_0592 NL-HaNA_1.04.02_9743_0594,Simon Kat cites the printed Vocabulario Tamulico-Lusitano of Jesuit Antão de Proença (Ambalakad 1679) as a source.
wreede-khoekhoe-1663,5,hottentoose tale,Khoekhoe,vocabulary,Georg Frederik Wreede,Cape of Good Hope,~1663 ~1664,sent as enclosure,False,NL-HaNA_1.04.02_3997_1686 NL-HaNA_1.04.02_3998_0010 NL-HaNA_1.04.02_3998_0527 NL-HaNA_1.04.02_3999_0155,"Wreede's 'vocabulaer off Compendium' Dutch-Hottentot, written partly in Greek letters, dedicated to the Directors and sent herewith."
vangollenesse-malabar-dictionary-1743,5,Mallabaars,Malayalam (Malabar coast),dictionary,,Cochin,1743 1744,sent as enclosure,False,NL-HaNA_1.04.02_2601_0008 NL-HaNA_1.04.02_2632_0021 NL-HaNA_1.04.02_4451_0163 NL-HaNA_1.04.02_9036_0010 NL-HaNA_1.04.02_9037_0022,"Register of papers from Malabar 1744: fol. 161-191 'Een mallabaars Woordenboek' appended to the memorie of Van Gollenesse to Commandeur Siersma, Cochin."
malay-grammar-roman-1650s,5,Maleijts,Malay-Dutch,grammar,Joannes Roman,The Hague / Batavia,~1700,mentioned,False,NL-HaNA_1.04.02_1614_0042 NL-HaNA_1.04.02_1614_0045 NL-HaNA_1.04.02_1614_0048 NL-HaNA_1.04.02_1614_0061,Malay controversy letter: grammar of Malay (Roman's spelling/grammar; lack of grammar in 'low Malay').
flacourt-malagasy-dictionary-1658,4,Madagascars,Malagasy (French-Malagasy),dictionary,Étienne de Flacourt (presumed),Cape of Good Hope -> Madagascar,1663 ~1662,printed/printing; sent as enclosure,False,NL-HaNA_1.04.02_3995_0032 NL-HaNA_1.04.02_3997_1981 NL-HaNA_1.04.02_3997_2110 NL-HaNA_1.04.02_3998_0385,Cape letter 1663: printed French-Malagasy dictionary listed as enclosure (no. 5) with instructions for Blanck's voyage to Madagascar.
arabic-sihah-qamus-request-sultan,4,maleijts en Arabisch ('sahah en kamoes'),"Arabic (al-Sihah, al-Qamus lexicons)",dictionary,al-Jawhari / al-Firuzabadi,Ternate,1745 ~1745 ~1750s,requested,False,NL-HaNA_1.04.02_2628_0635 NL-HaNA_1.04.02_2673_0037 NL-HaNA_1.04.02_8115_0203 NL-HaNA_1.04.02_8116_0029,Sultan of Ternate requests from GG dictionaries 'sahah' and 'kamoes' (Malay and Arabic) to help draft letters.
vocabularies-shortage-1672,3,vocabularen,Malay (probably),vocabulary,,Ambon (?),~1672,requested,False,NL-HaNA_1.04.02_1287_0417 NL-HaNA_1.04.02_1287_0418,Proposal to consult native schoolmaster Joost de Haen in place of the lacking vocabularies.
tagulandang-spanish-vocabulary-1678,3,lagulandtse tale (Tagulandang) in Spanish,Sangirese (Tagulandang)-Spanish,vocabulary,Spanish missionary (Pater Manuel Espanol?),Ternate/Sangihe,1678 1679,sent as enclosure,False,NL-HaNA_1.04.02_1331_0334 NL-HaNA_1.04.02_1338_0320 NL-HaNA_1.04.02_1338_0324,"Enclosure no. 17 'Woorde boeck of Vocabulaar der tagulanse tale' in letter from Castle Orange, Ternate, 7 Sept 1678 to GG Maetsuycker."
madagascar-vocabulary-bolan-1661,3,madagascars vocabulaer (printed French + written Dutch),Malagasy,vocabulary,Flacourt (printed); Jacques Balan(?) (Dutch ms),Madagascar/Batavia,~1663 ~1664,sent as enclosure,False,NL-HaNA_1.04.02_3997_1979 NL-HaNA_1.04.02_3997_2108 NL-HaNA_1.04.02_3998_0383,Sent with Jacques Bolan's 1661 Madagascar report: a printed French and a written Dutch Madagascar vocabulary plus map.
candidius-siraya-dictionary-1628,3,Sinckans,Siraya (Formosa),dictionary,Georgius Candidius,"Sinkan, Formosa",~1628,mentioned,False,NL-HaNA_1.04.02_1096_0420 NL-HaNA_1.04.02_1096_0422 NL-HaNA_1.04.02_1096_0427,"Candidius has compiled a dictionary and translated prayers into Sinckan, to leave to his successor."
kramer-teacher-tamil-wordlist,3,Mallabaars,Tamil,dictionary,Kramer's Tamil teacher,Jaffnapatnam,1716 ~1720s,mentioned; sent as enclosure,False,NL-HaNA_1.04.02_1864_0943 NL-HaNA_1.04.02_1864_1013 NL-HaNA_1.04.02_9791_0494,Kramer examination: a dictionary drawn up by his Tamil teacher enclosed with Kramer's writings.
tamil-dutch-dictionary-devries-1713,3,Mallabaars,Tamil,dictionary,incertus auctor,Jaffnapatnam,1713,mentioned,False,NL-HaNA_1.04.02_1864_0948 NL-HaNA_1.04.02_1864_0949,"Kramer used a Tamil-Dutch dictionary 'incerti authoris' received from Ph. de Vries, taken to Colombo 1713 and returned."
sinhala-grammar-dictionary-printing-1730s,3,singaleese tale,Sinhala,grammar,,Colombo,~1736,printed/printing,False,NL-HaNA_1.04.02_2422_0470 NL-HaNA_1.04.02_2428_0494,50 reams of paper sent to Ceylon for printing a Sinhala grammar or dictionary (Colombo press).
gueynier-dutch-malay-vocabulary-1677,2,(Malay) vocabulaer,Dutch-Malay,vocabulary,Fredericus Gueynier,Batavia,~1679,printed/printing,False,NL-HaNA_1.04.02_1342_1199 NL-HaNA_1.04.02_1342_1201,Gueynier's letter of Nov 1677 requests privilege to print and sell his vocabulary.
malay-vocabulary-timor-1740s,2,maleijds vocabularium; spraak konst,Malay,vocabulary,,Timor (Kupang),~1743,requested,False,NL-HaNA_1.04.02_2569_0881 NL-HaNA_1.04.02_8335_0127,"Timor Castle Concordia demand list, 4 Sept 1743: one Malay vocabularium."
persian-dictionaries-request-1770s,2,persiaansche taale,Persian,dictionary,,Bengal (?),~1773,requested,False,NL-HaNA_1.04.02_3371_0322,"Resolved to request 2-3 dictionaries in both languages from the Gentlemen, as printed in English."
malay-dutch-dictionary-batavia-reprint-1770s,2,Maleidsch-Nederduits,Malay-Dutch,dictionary,,Batavia press,1779 ~1777,mentioned; printed/printing,False,NL-HaNA_1.04.02_3503_1531 NL-HaNA_1.04.02_3554_1027,Batavia printing programme: reprint of the dictionary from Malay into Dutch and Dutch into Malay (alongside Portuguese-Dutch).
malay-dictionary-grammar-needed-1740,2,Maleyts,Malay,dictionary,,,~1740,requested,False,NL-HaNA_1.04.02_2420_1243,New Testament Malay too high for locals; old dictionary insufficient; a new dictionary and grammar proposed.
leijdecker-malay-lexicon,2,Maleijs,Malay,dictionary,Melchior Leijdecker,Batavia,~1700s,mentioned,False,NL-HaNA_1.04.02_1614_0046 NL-HaNA_1.04.02_1614_0052,"Controversy Valentijn/Leijdecker: Malay Lexicon from 20 years' work, would fill 4-6 folios; Valentijn had a compendium copied."
portuguese-tamil-grammar-1710s,2,Mallabaars (in Portuguese),Tamil,grammar,,Jaffnapatnam,~1713,mentioned,False,NL-HaNA_1.04.02_1864_0951 NL-HaNA_1.04.02_9791_0497,Kramer returns Portuguese-language Malabar grammar after copying it; his teacher Manuel Mailwaganam recommends the Tivakaram.
anonymous-malay-grammar-ms,2,Maleijs,Malay,grammar,anonymous,Batavia,~1718,mentioned,False,NL-HaNA_1.04.02_1902_0732,"Malay orthography treatise cites Erpenius (Arabic), Johannes Roman and Herbert de Jager (Malay), and an anonymous Malay grammatical specimen circulating in manuscript."
malay-orthography-treatise-1718,2,Maleijs,Malay,grammar,,Batavia,~1718,copy appears on this page,True,NL-HaNA_1.04.02_1902_0757 NL-HaNA_1.04.02_1902_0766,"Treatise text: grammatical grounds of Malay orthography and prosody in Dutch letters, with pronoun examples."
malay-dictionary-grammar-batavia-printing-1730s,2,Maleijs,Malay,dictionary,,Batavia,~1739,mentioned,False,NL-HaNA_1.04.02_2464_1018,Book demand list: newly printed dictionaries and grammars among Malay catechisms and testaments.
houtman-malay-vocabulary-1603,1,Maleijs,Malay (Ambon),vocabulary,Frederick de Houtman (?),Ambon,~1615,mentioned,False,NL-HaNA_1.04.02_1058_0274,Sick-comforters in Ambon learned what little Malay they knew from 'den Vocabulaer' and Houtman's translations.
malay-vocabularies-shipments-1620s,1,Maleijse vocabulaers,Malay,vocabulary,,shipped from Netherlands,~1624,sent as enclosure,False,NL-HaNA_1.04.02_1085_1046,Cargo/invoice list: 50 Malay vocabularies untaxed among stationery.
heurnius-chinese-dutch-dictionary-1628,1,Chinese characters (vocabulaer),Chinese-Dutch,dictionary,Justus Heurnius (?),Batavia,~1628,sent as enclosure,False,NL-HaNA_1.04.02_1097_1195,"Author describes a 'small' vocabulary with characters (full would need 30,000) plus treatises bound behind it, offered to the Directors/scholars."
uliasser-vocabulary-ambon-1630s,1,Uliassersche spraecke,Ambonese language of the Uliasers (Saparua/Haruku),vocabulary,schoolmaster Thoman Rodrigo (scribe),"Uliasers, Ambon",~1633,in preparation,False,NL-HaNA_1.04.02_1113_1945,"Predikant reports having a complete vocabulary of the Uliasser language written out for successors, with catechisms and sermons."
pangsoya-siraya-vocabulary-1636,1,Pangsoische woorden,Siraya (Formosa),vocabulary,Formosa missionaries (Junius?),"Pangsoya, Formosa",~1636,mentioned,False,NL-HaNA_1.04.02_1121_0635,"Warnaert Spoelmans left at Pangsoya was given a vocabulary of 300 Pangsoya words collected on the journey, April 1636."
malay-vocabularies-requests-1630s,1,maleijsche vocabularia,Malay,vocabulary,,,~1637,requested,False,NL-HaNA_1.04.02_1125_0771,"Church request for yearly book chest incl. Malay vocabularies, bibles, postils."
lemaire-schouten-new-guinea-vocabulary,1,taler der eijlanden ... Nova guinea,New Guinea / Melanesian islands languages,vocabulary,Le Maire/Schouten voyage (printed),sent to Tasman,~1643,mentioned,False,NL-HaNA_1.04.02_1143_0624,Printed journal of the Strait of Le Maire voyage with a vocabulary of island/New Guinea words handed to commander Tasman.
junius-siraya-materials-1640s,1,(Formosan) groot vocabulaer,Siraya (Formosa),vocabulary,Robertus Junius,Formosa,~1648,printed/printing,False,NL-HaNA_1.04.02_1169_0583,"Report on Junius's teaching materials: prayers, catechism, sermons, liturgy and a large vocabulary; ABC book printed the previous year."
malay-vocabularies-shipments-1650s,1,maleijtse vocabulaers,Malay,vocabulary,,Batavia/Ambon,~1652,sent as enclosure,False,NL-HaNA_1.04.02_1188_0381,Malay vocabularies received along with the 4 Gospels and Acts in Malay.
vocabularies-shortage-1674,1,vocabulaeren,Malay (probably),vocabulary,,,~1674,requested,False,NL-HaNA_1.04.02_1301_0588,Request for more catechisms and vocabularies for learners.
sangir-malay-dutch-vocabulary-1680s,1,"Sangisch, Maleijtsch, Hollandts",Sangirese-Malay-Dutch,vocabulary,unnamed predikant (Sangihe/Manado),Sangihe/Manado,~1681,in preparation,False,NL-HaNA_1.04.02_1366_0784,Writer made a Sangirese-Malay-Dutch vocabulary en route and corrected Halma's vocabulary (200+ errors); also translated creed etc into Sangirese.
portuguese-sinhala-grammar-ms,1,hollants en malabaers letterkonst; portugeese en Cingaleese grammatica,Tamil grammar; Portuguese-Sinhala grammar,grammar,Portuguese cleric (Sinhala grammar); de Meij (Tamil),Ceylon,~1694,mentioned,False,NL-HaNA_1.04.02_1544_0664,"Kat mentions a Dutch-Tamil grammar and a Portuguese-Sinhala grammar by a Portuguese priest, of which he received a copy."
malay-dictionarium-tetraglotton,1,dictionarium tetraglotton (Malay),"Malay (with Dutch, Latin, Portuguese?)",dictionary,,Batavia/Ambon,~1700,mentioned,False,NL-HaNA_1.04.02_1629_0460,"Polemic on High vs Low Malay (Valentijn/Leijdecker dispute) citing a tetraglot dictionary, the Rudimenta and Theatrum grammaticale."
malay-rudimenta,1,vocabula in de Rudimenta,Malay,grammar,,Batavia,~1700,mentioned,False,NL-HaNA_1.04.02_1629_0460,Malay Rudimenta grammar cited in the High/Low Malay dispute.
malay-theatrum-grammaticale,1,Theatrum grammaticale,Malay,grammar,,Batavia,~1700,mentioned,False,NL-HaNA_1.04.02_1629_0460,Malay Theatrum grammaticale cited in the High/Low Malay dispute.
malabar-woordboek-binding-sara-jacoba,1,malabaars,Tamil or Malayalam,dictionary,,~Ceylon/Malabar,~1760s,mentioned,False,NL-HaNA_1.04.02_10405_0003,"Short note: Malabar dictionary to be bound, sent per ship Sara Jacoba."
dutch-malay-dictionary-printing-batavia-1740s,1,Nederduijtsch en Maleijtsch,Dutch-Malay,dictionary,,Batavia,~1745,printed/printing,False,NL-HaNA_1.04.02_2638_1279,Printing of the Portuguese Bible and a Dutch-Malay dictionary to be resumed once staff available.
formosa-dictionary-1630s,1,unnamed (Formosan?),Siraya? (Formosa),dictionary,,Formosa?,~1636,mentioned,False,NL-HaNA_1.04.02_1121_0649,"Writer sends a booklet in the local script for printing and mentions a Dictionarium for learners, too error-prone to print yet."
happart-favorlang-dictionary-1650,1,Favorlangse tale,Favorlang/Babuza (Formosa),dictionary,Gilbertus Happart?,Formosa,~1649,mentioned,False,NL-HaNA_1.04.02_1169_0589,Formosa consistory praises a colleague's Favorlang dictionarium shown to them.
malay-dutch-vocabulary-printed-1670s,1,Maleijts en duijtsch (with Ternatan words),Malay-Dutch (Ternate Malay),vocabulary,,Netherlands (printed),~1675,printed/printing,False,NL-HaNA_1.04.02_1307_0914,Batavia church criticises a newly printed small vocabulary sent by the XVII as full of Ternatan words.
malabar-dictionary-ceylon-1670s,1,Mallabaerse taal,Tamil,dictionary,unnamed predikant (colleague of de Vooght),Colombo,~1677,mentioned,False,NL-HaNA_1.04.02_1316_0281,Recommendation of a minister who compiled a complete Tamil dictionary.
haex-malay-dictionary-rome-1631,1,Maleijts,Malay-Dutch,dictionary,David Haex,Rome,1631,mentioned,False,NL-HaNA_1.04.02_1614_0062,Malay controversy letter notes a Malay dictionary printed at Rome.
hodenpijl-malay-dictionary-copy,1,Maleijts,Malay-Dutch,dictionary,copy after Hodenpijl's exemplar,The Hague / Batavia,1623/1650,mentioned,False,NL-HaNA_1.04.02_1614_0063,Valentijn used a dictionary copied from D. Hodenpijl's exemplar.
jesuit-tamil-grammar-dictionary-1700s,1,mallabaarse of tamulse taal,Tamil,dictionary,German Jesuit 'Sebastiaan Sewett',Madurai coast / Europe (printed),~1700s,printed/printing,False,NL-HaNA_1.04.02_1616_0548,At Tuticorin a Jesuit showed a printed Tamil grammar and dictionary by a German Jesuit who went to Europe to cut type.
chinese-dictionary-batavia-1740,1,Chineese Taale,Chinese,dictionary,,Batavia,~1740,sent as enclosure,False,NL-HaNA_1.04.02_4148_0143,List of papers/books sent from Batavia c.1740 includes a 'Dictionarium van de Chineese Taale'.
arabic-grammar-batavia-1708,1,Arabise Taal,Arabic,grammar,,Batavia,1708,mentioned,False,NL-HaNA_1.04.02_1902_0731,A grammar (of Arabic?) made at Batavia in 1708 modelled on Erpenius etc.
batavia-dutch-grammar-multilingual-~1779,1,"Nederduits, Portugees, Maleids, Latijn, Arabisch",Malay/Portuguese/Arabic (Dutch grammar),grammar,Batavia predikanten,Batavia,~1779,in preparation,False,NL-HaNA_1.04.02_3526_1105,"Batavia predikanten preparing a handbook to Dutch grammar in Dutch, Portuguese and Malay, with Latin and Arabic, for printing in quarto."
dutch-malay-woordenboek-1780s,1,Nederduits e Maleisch,Malay,dictionary,,Batavia (printed),1782,mentioned,False,NL-HaNA_1.04.02_8143_0205,Book demand list: 6 Spraakkonsten and 6 Woordeboek Nederduits-Maleisch / Maleisch-Nederduits (1782).
ceylon-grammars-dictionaries-requested-1668,1,"Mallabaars, Singalees","Tamil, Sinhala",grammar,,Ceylon,1668,requested,False,NL-HaNA_1.04.02_1544_0671,"Ceylon church assembly 1668 wished ministers to learn local languages, provided with grammars and dictionaries in those languages; cited c.1694 re Jaffna Malabar seminary."
philipsz-sinhala-grammar,1,Singaleeze,Sinhala,grammar,Johannes Philipsz,Colombo,1778,mentioned,False,NL-HaNA_1.04.02_3516_0650,"Notice of Sinhala books in store: 25 copies of Philipsz's Grammatica held by him; Colombo 29 April, J.G. Manger."
